{"options":{"check_for_updates":true,"comment":null,"compat_foreach":false,"compat_metadata":false,"compat_prototypes":false,"compat_wrappedjsobject":false,"compatopts_for_requires":true,"noframes":null,"override":{"merge_connects":true,"merge_excludes":true,"merge_includes":true,"merge_matches":true,"orig_excludes":[],"orig_includes":[],"orig_matches":["*://www.52pojie.cn/*"],"orig_noframes":null,"orig_run_at":"document-idle","use_blockers":[],"use_connects":[],"use_excludes":[],"use_includes":[],"use_matches":[]},"run_at":null},"settings":{"enabled":true,"position":16},"meta":{"name":"52pojie吾爱破解论坛自动签到助手_免打扰","uuid":"68bc241b-3dea-46ec-bb45-4dba4b8b0dfa","modified":1600574742010,"file_url":"https://greasyfork.org/scripts/373956-52pojie%E5%90%BE%E7%88%B1%E7%A0%B4%E8%A7%A3%E8%AE%BA%E5%9D%9B%E8%87%AA%E5%8A%A8%E7%AD%BE%E5%88%B0%E5%8A%A9%E6%89%8B-%E5%85%8D%E6%89%93%E6%89%B0/code/52pojie%E5%90%BE%E7%88%B1%E7%A0%B4%E8%A7%A3%E8%AE%BA%E5%9D%9B%E8%87%AA%E5%8A%A8%E7%AD%BE%E5%88%B0%E5%8A%A9%E6%89%8B_%E5%85%8D%E6%89%93%E6%89%B0.user.js"}}