{"data":{"Config":"s{\"isRedirectEnable\":true,\"isAdsEnable\":false,\"isAutopage\":true,\"isBlockEnable\":false,\"isBlockDisplay\":false,\"isBlockBtnNotDisplay\":false,\"AdsStyleEnable\":true,\"baidu\":{\"name\":\"baidu\",\"AdsStyleMode\":\"1\",\"HuYanMode\":false},\"google\":{\"name\":\"google\",\"AdsStyleMode\":\"3\",\"HuYanMode\":false},\"bing\":{\"name\":\"bing\",\"AdsStyleMode\":\"3\",\"HuYanMode\":false},\"duck\":{\"name\":\"duck\",\"AdsStyleMode\":\"3\",\"HuYanMode\":false},\"doge\":{\"name\":\"doge\",\"AdsStyleMode\":\"3\",\"HuYanMode\":false},\"sogou\":{\"name\":\"sogou\",\"AdsStyleMode\":\"1\",\"HuYanMode\":false},\"zhihu\":{\"name\":\"zhihu\",\"AdsStyleMode\":\"0\",\"HuYanMode\":false},\"other\":{\"name\":\"other\",\"AdsStyleMode\":\"0\",\"HuYanMode\":false},\"Style_BaiduLite\":false,\"defaultHuYanColor\":\"#DEF1EF\",\"isUserColorEnable\":true,\"isFaviconEnable\":true,\"defaultFaviconUrl\":\"https://ae01.alicdn.com/kf/HTB1dRY0X8OD3KVjSZFFq6An9pXay.jpg\",\"doDisableSug\":true,\"isRightDisplayEnable\":true,\"isCounterEnable\":false,\"isALineEnable\":false,\"isUserStyleEnable\":false,\"normalizeDuck\":true,\"acceptLicense\":true,\"isEnLang\":false,\"isGooleInBaiduModeEnable\":false,\"UserBlockList\":[],\"UserStyleText\":\"/**计数器的颜色样式*/\\ndiv .AC-CounterT{\\n  background: #FD9999;\\n}\\n/**右侧栏的样式-其实不开启更好看一些*/\\n#content_right{\\n  padding: 20px 15px 15px;\\n  border-radius: 5px;\\n  background-color: #fff;\\n  box-sizing: border-box;\\n  box-shadow: 0 0 20px 2px rgba(0, 0, 0, .1);\\n  -webkit-box-shadow: 0 0 20px 2px rgba(0, 0, 0, .1);\\n  -moz-box-shadow: 0 0 20px 2px rgba(0, 0, 0, .1);\\n}\\n/****可以加一些自己的背景图片,替换引号内的内容为可外链的图片即可****/\\nbody[baidu]{\\n  background-repeat: repeat-y;\\n  background-size: 100%;\\n  background-attachment:fixed;\\n  background-image: url('https://timgsa.baidu.com/timg?image&quality=80&size=b9999_10000&sec=1564756277250&di=868b9eac9be14df1dedd8c7d6a710844&imgtype=0&src=http%3A%2F%2Fphotocdn.sohu.com%2F20130530%2FImg377502333.jpg');\\n}\\n/*****窗口背景的透明虚化效果*****/\\nbody>#wrapper,body>.wrap,body>#main,body #appbar,body #hdtbSum{\\n  background: rgba(225,225,225,0.8);\\n}\\n/**隐藏首页的大图标-修复可能导致外援样式异常**/\\nbody[baidu] #s_lg_img_new{\\n  display:none !important;\\n}\\n#wrapper #content_left .result, #wrapper #content_left .c-container{\\n  border-radius: 5px;\\n}\",\"oldVersion\":\"24.23\",\"lastSaveTime\":1620274777381}"},"ts":1621783415823}