{"options":{"check_for_updates":true,"comment":null,"compat_foreach":false,"compat_metadata":false,"compat_prototypes":false,"compat_wrappedjsobject":false,"compatopts_for_requires":true,"noframes":null,"override":{"merge_connects":true,"merge_excludes":true,"merge_includes":true,"merge_matches":true,"orig_connects":["open.lesiclub.cn","gm.ntaow.com"],"orig_excludes":[],"orig_includes":["https://item.taobao.com/item.htm*","https://detail.tmall.com/item.htm*","https://s.taobao.com/search*","https://cart.taobao.com/*","*://uland.taobao.com/coupon/*"],"orig_matches":[],"orig_noframes":null,"orig_run_at":"document-start","use_blockers":[],"use_connects":[],"use_excludes":[],"use_includes":[],"use_matches":[]},"run_at":null},"settings":{"enabled":true,"position":2},"meta":{"name":"AC-独家-淘宝天猫优惠券查询领取,大额优惠券,【100元购物神券】,省钱购物,领券购买更优惠,平均优惠20%","uuid":"9c0e8781-2922-47df-adf7-c73b9a197fd3","modified":1620147942606}}