{"options":{"check_for_updates":true,"comment":null,"compat_foreach":false,"compat_metadata":false,"compat_prototypes":false,"compat_wrappedjsobject":false,"compatopts_for_requires":true,"noframes":null,"override":{"merge_connects":true,"merge_excludes":true,"merge_includes":true,"merge_matches":true,"orig_excludes":[],"orig_includes":[],"orig_matches":["*://www.bilibili.com/video/*","*://www.bilibili.com/bangumi/play/*","*://www.douyu.com/*","*://www.huya.com/*"],"orig_noframes":null,"orig_run_at":"document-idle","use_blockers":[],"use_connects":[],"use_excludes":[],"use_includes":[],"use_matches":[]},"run_at":null},"settings":{"enabled":true,"position":14},"meta":{"name":"Bilibili 视频默认选择最高清晰度","uuid":"af938329-f1c2-44e3-99bd-6eba5aac24ed","modified":1600574390685,"file_url":"https://greasyfork.org/scripts/374770-bilibili-%E8%A7%86%E9%A2%91%E9%BB%98%E8%AE%A4%E9%80%89%E6%8B%A9%E6%9C%80%E9%AB%98%E6%B8%85%E6%99%B0%E5%BA%A6/code/Bilibili%20%E8%A7%86%E9%A2%91%E9%BB%98%E8%AE%A4%E9%80%89%E6%8B%A9%E6%9C%80%E9%AB%98%E6%B8%85%E6%99%B0%E5%BA%A6.user.js"}}