{"options":{"check_for_updates":true,"comment":null,"compat_foreach":false,"compat_metadata":false,"compat_prototypes":false,"compat_wrappedjsobject":false,"compatopts_for_requires":true,"noframes":null,"override":{"merge_connects":true,"merge_excludes":true,"merge_includes":true,"merge_matches":true,"orig_excludes":[],"orig_includes":["http://www.baidu.com*","https://www.baidu.com*","http://www.google*","https://www.google*"],"orig_matches":[],"orig_noframes":true,"orig_run_at":"document-start","use_blockers":[],"use_connects":[],"use_excludes":[],"use_includes":[],"use_matches":[]},"run_at":null},"settings":{"enabled":true,"position":42},"meta":{"name":"Endless Google And Baidu","uuid":"ac0a38bb-870a-4d3e-979e-70a018582d02","modified":1615909950307,"file_url":"https://greasyfork.org/scripts/399837-endless-google-and-baidu/code/Endless%20Google%20And%20Baidu.user.js"}}