{
  "__comments-css": [
    "css selector",
    "css选择器",
    "对于部分不方便直接替换的词条，需要通过jquery css选择器替换"
  ],
  "css": [
    {
      "_comments": [
        "if key === '!html' replace target by: $(selector).html(replacement)",
        "else: $(selector).attr(key, replacement)"
      ],
      "key": "!html",
      "selector": "a[aria-label='Pull requests you created']",
      "replacement": "请求拉取"
    }
  ],

  "dict": {
    "__comments-1": "date",
    "jan": "1月",
    "january": "1月",
    "feb": "2月",
    "february": "2月",
    "mar": "3月",
    "march": "3月",
    "apr": "4月",
    "april": "4月",
    "may": "5月",
    "jun": "6月",
    "june": "6月",
    "jul": "7月",
    "july": "7月",
    "aug": "8月",
    "august": "8月",
    "sep": "9月",
    "september": "9月",
    "oct": "10月",
    "october": "10月",
    "nov": "11月",
    "november": "11月",
    "dec": "12月",
    "december": "12月",


    "__comments-2": "HomePage",
    "sign in": "登录",
    "sign up": "注册",
    "team": "团队",
    "enterprise": "企业",
    "pricing": "价格",
    "search github": "搜索GitHub",
    "why github?": "为何选择GitHub",
    "built for developers": "专为开发者打造",
    "refresh": "刷新",
    "developers": "开发者",
    "spoken language:": "自然语言",
    "any": "所有",
    "date range:": "时间范围",
    "today": "今天",
    "this week": "本周",
    "this month": "本月",

    "__comments-3": "explore",
    "collections": "集合",
    "trending": "趋势",
    "events": "事件",
    "github sponsors": "GitHub赞助",

    "__comments-4": "Bottom",
    "terms": "服务条款",
    "contact github": "联系 GitHub",
    "privacy": "隐私",
    "blog": "博客",
    "help": "帮助",
    "shop": "商店",
    "status": "状态",
    "training": "培训",

    "__comments-5": "Login & Register",
    "username": "用户名",
    "email": "电子邮箱",
    "password": "密码",
    "sign up for github": "注册 GitHub",
    "sign in to github": "登录 GitHub",
    "username or email address": "用户名或邮箱",
    "forgot password?": "忘记密码?",
    "new to github?": "初次接触 GitHub？",
    "create an account": "新建账号",
    "make sure it's ": "确保",
    "at least 15 characters": "至少需要15个字符",
    "or": " 或者 ",
    "at least 8 characters": "至少需要8个字符",
    "including a number": "包括数字",
    "and a lowercase letter": "和小写字母",
    "learn more": "了解更多",
    "confirm password to continue": "确认密码以继续",
    "confirm password": "确认密码",
    "tip:": "提示:",
    "signing in…": "登录中…",
    "authentication code": "验证码",
    "what’s this?": "这是什么？",
    "verify": "验证",
    "verifying": "验证中",
    "verifying…": "验证中…",
    "open the two-factor authentication app on your device to view your authentication code and verify your identity.": "打开设备上的两因素身份验证程序以查看身份验证码并验证您的身份。",
    "having problems?": "有问题吗？",
    "enter a two-factor recovery code": "输入恢复码",
    "can’t access your two-factor device or valid recovery codes?": "无法访问您的双因素验证设备或有效的恢复码？",
    "recovering your account": "恢复您的账户",
    "if you can’t access a verified device or recovery codes you can request a reset of your authentication settings. for security reasons": "如果您无法访问已验证的设备或恢复码，您可以请求重置您的验证设置。出于安全考虑",
    "this can take 3-5 business days": "这可能需要 3-5 个工作日",
    "step 1": "第一步",
    "verify an email associated with this account.": "验证与该账户相关的电子邮箱。",
    "step 2": "第二步",
    "verify a device, ssh key or personal access token.": "验证一个设备、SSH密钥或个人访问令牌。",
    "step 3": "第三步",
    "github support will review your request": "GitHub Support 将审核您的请求",
    "within 3-5 business days": "在 3-5 个工作日内",
    "i understand, get started": "我知道了，开始吧",
    "two-factor authentication failed.": "双因素身份验证失败。",
    "two-factor recovery": "双因素验证恢复",
    "recovery code": "恢复码",
    "you can enter one of your recovery codes in case you lost access to your mobile device.": "如果您无法访问移动设备，则可以输入恢复码。",
    "still having problems?": "还是有问题？",
    "recovery code authentication failed.": "恢复码身份验证失败。",
    "account recovery": "账户恢复",
    "first we need to verify an email address": "首先，我们需要验证一个电子邮箱地址",
    "by sending a one-time password to all addresses associated with this account.": "用于通过向该帐户关联的所有地址发送一次性密码。",
    "send one-time password": "发送一次性密码",
    "skip this with recovery codes": "使用恢复码跳过此步骤",
    "if you can locate your two-factor recovery codes you can skip this recovery process.": "如果你能找到你的双因素恢复码，你可以跳过这个恢复过程。",
    "the file containing your recovery codes may exist on your computer - check  for a file named": "包含恢复码的文件可能存在于您的计算机上——请检查一个名为",
    "enter recovery code": "输入恢复码",
    "sign in to": "登录",
    "to continue to": "继续登录",

    "__comments-6": "User home",
    "signed in as": "登录身份为",
    "set status": "状态设置",
    "new repository": "新建仓库",
    "import repository": "导入仓库",
    "new gist": "新建代码片段",
    "new organization": "新建组织",
    "new project": "新建项目",
    "your profile": "个人资料",
    "your repositories": "我的仓库",
    "your projects": "我的项目",
    "your stars": "我标星的仓库",
    "your gists": "我的代码片段",
    "upgrade": "升级",
    "feature preview": "功能预览",
    "sign out": "退出",
    "pull requests": "拉取请求",
    "marketplace": "应用商城",
    "explore": "探索",
    "issues": "议题",
    "overview": "概况",
    "repositories": "仓库",
    "projects": "项目",
    "recent activity": "最近动态",
    "all activity": "所有动态",
    "loading activity...": "加载动态中...",
    "more": "更多",
    "create an organization": "创建一个组织",
    "explore more →": "探索更多",
    "show more": "展示更多",
    "working with a team?": "与团队合作?",
    "github is built for collaboration. set up an organization to improve the way your team works together, and get access to more features.": "GitHub是为协作而创建的。 建立组织以改善团队合作的方式，并获得更多功能。",

    "__comments-7": "Search",
    "language:": " 编程语言:",
    "type:": "类型:",
    "all": "所有",
    "select type": "选择类型",
    "select language": "选择语言",
    "find a repository…": "搜索项目…",
    "search or jump to…": "搜索或跳转到…",

    "__comments-8": "User & Organization",
    "pinned": "置顶",
    "followers": "粉丝",
    "following": "关注",
    "edit profile": "编辑个人资料",
    "follow": "关注",
    "unfollow": "取消关注",
    "highlights": "高光时刻",
    "popular repositories": "热门仓库",
    "contribution activity": "贡献动态",
    "show more activity": "加载更多动态",
    "people": "成员",
    "members": "成员",
    "top languages": "主要编程语言",
    "most used topics": "最常用的话题",
    "verified": "已认证",
    "report abuse": "举报滥用",
    "organizations": "组织",

    "__comments-9": "Repository",
    "star": "星标",
    "unstar": "取消星标",
    "watch": "关注",
    "unwatch": "取消关注",
    "fork": "复刻",
    "unfork": "取消复刻",
    "new": "新建",
    "languages": "语言",
    "about": "关于",
    "code": "代码",
    "dependencies": "依赖",
    "explore repositories": "探索仓库",
    "create repository": "新建仓库",
    "owner": "拥有者",
    "repository name": "仓库名称",
    "description": "描述",
    "(optional)": "(可选)",
    "public": "公共",
    "private": "私有",
    "packages": "包",
    "secrets": "密钥",
    "security": "安全",
    "notifications": "通知",
    "discussions": "讨论",
    "sponsor": "赞助",
    "sponsor this project": "赞助该项目",
    "learn more about": "了解更多关于",
    "insights": "统计",
    "actions": "操作",
    "releases": "发行版",
    "add file": "添加文件",
    "create new file": "新建文件",
    "upload files": "上传文件",
    "readme": "自述文件",
    "commits": "提交",
    "merge pull request": "合并拉取请求",
    "switch branches/tags": "切换分支/标签",
    "default": "默认",
    "go to file": "文件查找",
    "used by": "使用者",
    "contributor": "贡献者",
    "contributors": "贡献者",
    "view license": "查看License",
    "no releases published": "无发行版",
    "create a new release": "创建发行版",
    "no packages published": "未发布包",
    "publish your first package": "发布你的第一个包",
    "edit repository details": "编辑仓库详情",
    "website": "网站",
    "topics": "话题",
    "(separate with spaces)": "（空格分隔）",
    "include in the home page": "包含在主页中",
    "clone": "克隆",
    "clone with https": "HTTPS方式克隆",
    "clone with ssh": "使用SSH方式克隆",
    "use git or checkout with svn using the web url.": "使用Git或SVN通过该网址检出。",
    "use a password-protected ssh key.": "使用受密码保护的SSH密钥。",
    "use ssh": "使用SSH",
    "use https": "使用HTTPS",
    "open with github desktop": "用GitHub桌面客户端打开",
    "download zip": "下载Zip压缩包",
    "this repository": "该仓库",
    "forked from": "复刻自",

    "__comments-pull-request": "Repository pull request",
    "pull request": "拉取请求",
    "compare": "对比",
    "comparing changes": "比对差异",
    "choose two branches to see what’s changed or to start a new pull request. if you need to, you can also": "选择两个分支以比较差异或启动新的拉取请求。如果需要，你也可以",
    "compare across forks": "跨复刻比较",
    "compare changes": "比对差异",
    "compare changes across branches, commits, tags, and more below. if you need to, you can also": "比对不同分支、提交、标签等的差异。如果需要，你也可以",
    "choose different branches or forks above to discuss and review changes.": "在上方选择其他分支或复刻以讨论和查看更改。",
    "learn about pull requests": "了解拉取请求",
    "create pull request": "创建拉取请求",
    "comments": "评论",
    "files changed": "文件变更",
    "commit comments": "评论",
    "allow edits by maintainers": "允许维护者进行编辑",
    "open a pull request": "打开一个拉取请求",
    "create a new pull request by comparing changes across two branches. if you need to, you can also": "通过比较两个分支之间的更改来创建新的拉取请求。如果需要，你也可以",
    "checking mergeability…": "检查可合并性…",
    "able to merge.": "可以合并。",
    "these branches can be automatically merged.": "这些分支可以自动合并。",
    "can’t automatically merge.": "无法自动合并。",
    "don’t worry, you can still create the pull request.": "别担心，你仍然可以创建拉取请求。",
    "discuss and review the changes in this comparison with others.": "与他人讨论并回顾此次对比中的变化。",
    "open a pull request that is ready for review": "打开一个拉取请求，以供审查",
    "create draft pull request": "创建拉取请求草案",
    "cannot be merged until marked ready for review": "在标记为可供审查之前，不能合并",
    "draft pull request": "拉取请求草案",
    "view pull request": "查看拉取请求",
    "reviewers": "审核人",
    "linked issues": "关联议题",
    "participant": "参与者",
    "participants": "参与者",
    "close pull request": "关闭拉取请求",
    "reopen pull request": "重新打开拉取请求",
    "conversation": "对话",
    "checks": "检查",
    "new changes since you last viewed": "自您上次查看以来的新变化",
    "view changes": "查看更改",
    "outdated": "已过时",
    "resolve conversation": "解决对话",
    "unresolve conversation": "未解决对话",
    "changes requested": "更改请求",
    "change requested": "更改请求",
    "show resolved": "显示已解决",
    "hide resolved": "隐藏已解决",
    "show all reviewers": "显示所有审核人",
    "hide all reviewers": "隐藏所有审核人",
    "show all checks": "显示所有检查",
    "hide all checks": "隐藏所有检查",
    "details": "细节",
    "view details": "查看细节",
    "reference in new issue": "引用到新议题",
    "title": "标题",
    "body": "内容",
    "create issue": "创建议题",
    "see review": "查看审核",
    "re-request review": "重新请求审核",
    "review changes": "审核更改",
    "finish your review": "完成审核",
    "submit general feedback without explicit approval.": "未批准，并提出一般性反馈意见。",
    "approve": "批准",
    "submit feedback approving these changes.": "批准，并提出反馈意见。",
    "request changes": "请求更改",
    "submit feedback suggesting changes.": "请求更改，并提出更改意见。",
    "submit review": "提交审核",
    "changes approved": "变更已获批准",
    "some checks haven’t completed yet": "有些检查还没有完成",
    "some checks were not successful": "有些检查不成功",
    "all checks have passed": "所有检查均已通过",
    "merging is blocked": "合并被阻止",
    "the base branch restricts merging to authorized users.": "基础分支合并仅限于授权用户。",
    "learn more about protected branches.": "了解有关受保护分支的更多信息。",
    "you’re not": "您无",
    "authorized": "权限",
    "to merge this pull request.": "合并此拉取请求。",
    "merged": "已合并",
    "revert": "还原",
    "closed with unmerged commits": "已关闭未合并的提交",
    "delete branch": "删除分支",
    "this pull request is closed, but the": "此拉取请求已关闭，但是",
    "branch has unmerged commits. you can delete this branch if you wish.": "分支具有未合并的提交。您可以根据需要删除此分支。",
    "if you wish, you can also delete this fork of": "如果需要，还可以删除此复刻",
    "in the":"在",
    "member": "成员",

    "draft": "草案",
    "ready for review": "准备审查",
    "marked pull request as ready for review.":"已将此拉取请求标记为准备审查。",
    "this branch has no conflicts with the base branch": "该分支与基本分支没有冲突",
    "merging can be performed automatically.": "可以自动进行合并。",
    "This branch cannot be rebased due to conflicts": "由于冲突，该分支不能变基",
    "rebasing the commits of this branch on top of the base branch cannot be performed automatically due to conflicts encountered while reapplying the individual commits from the head branch.": "",
    "create a merge commit": "创建合并提交",
    "all commits from this branch will be added to the base branch via a merge commit.": "该分支的所有提交都将通过合并提交加入到基础分支中。",
    "squash and merge": "压缩与合并",
    "rebase and merge": "变基与合并",

    "__comments-issue": "Repository Issue",
    "new issue": "新议题",
    "open all": "打开全部",
    "author": "作者",
    "labels": "标签",
    "label": "标签",
    "milestones": "里程碑",
    "milestone": "里程碑",
    "sort": "排序",
    "assignee": "受理人",
    "filter by who’s assigned": "按受理人筛选",
    "assignees": "受理人",
    "confirmed": "已确认",
    "we couldn’t find anything!": "这里空空如也！",
    "linked pull requests": "关联拉取请求",
    "successfully merging a pull request may close this issue.": "成功合并一个拉取请求可能会关闭此议题。",
    "submit new issue": "提交新议题",
    "new pull request": "创建拉取请求",
    "close issue": "关闭议题",
    "reopen issue": "重新打开议题",
    "lock conversation": "锁定对话",
    "pin issue": "固定议题",
    "transfer issue": "转移议题",
    "delete issue": "刪除议题",

    "__comments-10": "Repository settings",
    "danger zone": "危险区",
    "change repository visibility": "更改仓库可见性",
    "you cannot change the visibility of a fork. please": "您不能更改复刻仓库的可见性。请",
    "duplicate the repository": "复制仓库",
    "change visibility": "更改可见性",
    "warning: this is a potentially destructive action.": "警告：这是一个潜在的破坏性操作。",
    "this repository is currently public.": "该仓库当前是公有的",
    "this repository is currently private.": "该仓库当前是私有的",
    "make this repository visible to anyone.": "让任何人都能看到这个仓库。",
    "make private": "转为私有",
    "hide this repository from the public.": "向公众隐藏这个仓库。",
    "i understand, change repository visibility.": "我明白了，依然更改仓库的可见性。",
    "transfer ownership": "转让所有权",
    "transfer": "转让",
    "transfer this repository to another user or to an organization where you have the ability to create repositories.": "将此仓库转让给另一位用户或您可以创建仓库的组织。",
    "transfer repository": "转让仓库",
    "to understand admin access, teams, issue assignments, and redirects after a repository is transferred, see": "要了解仓库转让后的管理员访问、团队、问题分配和重定向，请参阅",
    "transferring a repository": "转让仓库",
    "in github help.": "在 GitHub 帮助中所示。",
    "transferring may be delayed until the new owner approves the transfer.": "在新所有者批准接受转让之前，转让可能会延迟。",
    "new owner’s github username or organization name": "新所有者的 GitHub 用户名或组织名称",
    "type": "请键入",
    "to confirm.": "进行确定。",
    "i understand, transfer this repository.": "我明白了，依然转让这个仓库。",
    "archive this repository": "归档该仓库",
    "mark this repository as archived and read-only.": "将此仓库标记为已存档和只读。",
    "archive repository": "归档仓库",
    "unexpected bad things will happen if you don’t read this!": "如果您不阅读此说明，将会发生意想不到的事情！",
    "please type": "请键入",
    "i understand the consequences, archive this repository": "我明白后果，依然存档这个仓库",
    "delete this repository": "删除该仓库",
    "once you delete a repository, there is no going back. please be certain.": "一旦您删除了仓库，就再也无法恢复了。请确定。",
    "are you absolutely sure?": "您完全确定吗？",
    "this action": "该操作",
    "cannot": "不能",
    "be undone. this will permanently delete the": "被撤消。这将永久删除",
    "repository, wiki, issues, comments, packages, secrets, workflow runs, and remove all collaborator associations.": "仓库、Wiki、议题、评论、包、机密、工作流程，并删除所有协作者关联。",
    "this will not change your billing plan. if you want to downgrade, you can do so in your billing settings.": "这并不会更改您的结算方案。 如果您想降级，可以在结算设置中进行降级。",
    "i understand the consequences, delete this repository": "我明白后果，依然删除这个仓库",
    "manage access": "访问管理",
    "who has access": "谁有权访问",
    "public repository": "公共仓库",
    "this repository is public and visible to anyone.": "该仓库是公开的，对任何人都可见。",
    "private repository": "私有仓库",
    "only those with access to this repository can view it.": "只有拥有该仓库访问权的用户才能查看。",
    "manage": "管理",
    "direct access": "直接访问",
    "collaborators have access to this repository. only you can contribute to this repository.": "个协作者有权访问此仓库。 只有您可以对此仓库做出贡献。",
    "you haven't invited any collaborators yet": "您尚未邀请任何协作者",
    "invite a collaborator": "邀请协作者",
    "integrations": "集成",
    "installed github apps": "安装GitHub应用",

    "__comments-11": "Github settings",
    "settings": "设置",
    "account settings": "账户设置",
    "profile": "个人资料",
    "account": "账号",
    "appearance": "外观",
    "account security": "账号安全",
    "billing & plans": "计费和计划",
    "security log": "安全日志",
    "security & analysis": "安全 & 分析",
    "emails": "电子邮箱",
    "billing": "账单",
    "ssh and gpg keys": "SSH与GPG公钥",
    "saved replies": "保存的回复",
    "applications": "应用",
    "developer settings": "开发者设置",
    "moderation settings": "审查设置",
    "blocked users": "黑名单",
    "interaction limits": "互动限制",
    "rename": "重命名",
    "options": "选项",
    "branch": "分支",
    "branches": "分支",
    "tags": "标签",

    "public profile": "公开个人资料",
    "name": "名字",
    "public email": "公开邮箱",
    "bio": "个人简介",
    "twitter username": "Twitter用户名",
    "company": "公司",
    "location": "位置",
    "profile picture": "个人头像",
    "profile settings": "配置文件设置",
    "display pro badge": "显示Pro徽章",
    "contributions": "贡献",
    "include private contributions on my profile": "在我的个人资料中显示私人共享",
    "github developer program": "GitHub 开发人员计划",
    "trending settings": "趋势设置",
    "preferred spoken language": "首选语言",

    "change username": "更改用户名",
    "export account data": "导出帐户数据",
    "start export": "开始导出",
    "successor settings": "设置继任者",
    "add successor": "添加的继任者",
    "search by username, full name, or email address": "搜索用户名、全名、或邮件地址",
    "you have not designated a successor": "你还没有指定继承人",
    "delete account": "删除账户",
    "delete your account": "删除帐户",

    "theme": "主题",
    "go to your personal profile": "去我的个人资料",
    "default to system": "系统默认",
    "light": "亮",
    "dark": "暗",
    "preferred default emoji skin tone": "默认的表情肤色",
    "update preference": "更新我的偏好",

    "change password": "更改密码",
    "old password": "旧密码",
    "new password": "新密码",
    "update password": "更新密码",
    "confirm new password": "确认新密码",
    "two-factor authentication": "双因素身份验证",
    "enable": "启用",
    "enabled": "启用",
    "disable": "停用",
    "add": "添加",
    "added": "添加",
    "two-factor methods": "双因素验证方式",
    "authenticator app": "身份验证器应用",
    "security keys": "安全密钥",
    "sms number": "手机号码",
    "recovery options": "恢复选项",
    "recovery codes": "恢复码",
    "show": "显示",
    "fallback sms number": "备选手机号码",
    "recovery tokens": "恢复令牌",
    "sessions": "会话",
    "see more": "查看更多",

    "__comments-12": "Create a Repository",
    "a repository contains all project files, including the revision history. already have a project repository elsewhere?": "仓库包含项目中的所有文件，包括修订历史记录。在其他地方已有仓库？",
    "import a repository.": "导入仓库",
    "import your project to github": "将你的仓库导入到GitHub",
    "import all the files, including the revision history, from another version control system.": "从其他版本控制系统导入所有文件，包括修订历史记录。",
    "your old repository’s clone url": "您的旧仓库的克隆地址",
    "learn more about the types of": "了解更多关于",
    "supported vcs.": "支持的版本系统",
    "cancel": "取消",
    "begin import": "开始导入",
    "your new repository details": "你的新仓库详情",
    "great repository names are short and memorable. need inspiration? how about": "好的仓库名称应该简单且容易记忆。需要灵感吗？这个怎么样：",
    "anyone on the internet can see this repository. you choose who can commit.": "任何人都可以看到这个仓库，您可以选择谁能提交。",
    "you choose who can see and commit to this repository.": "您可以选择谁可以看和提交到该仓库。",

    "__comments-13": "All Gist",
    "instantly share code, notes, and snippets.": "即时分享您的代码，笔记，片段，以及灵感。",
    "starred gists": "我标星的代码片段",
    "search…": "搜索代码片段…",
    "back to github": "返回到 GitHub",
    "all gists": "所有片段",
    "forked": "复刻",
    "starred": "星标",
    "you don't have any starred gists yet.": "您还没有标星任何片段。",
    "your github profile": "我的 GitHub 个人资料",
    "view github profile": "查看 GitHub 个人资料",
    "last active": "最后活动于",
    "view": "查看",

    "view your gists": "查看您的所有片段",
    "gist description…": "片段描述",
    "filename including extension…": "文件名 (包括扩展名)",
    "create secret gist": "创建私密片段",
    "secret gists are hidden by search engines but visible to anyone you give the url to.": "私密片段对搜索引擎不可见，对直接访问您分享的 url 可见。",
    "create public gist": "创建公开片段",
    "public gists are visible to everyone.": "公开片段对所有人可见。",

    "sort:": "排序:",
    "sort options": "排序选项",
    "recently created": "最近创建的",
    "least recently created": "最早创建的",
    "recently updated": "最近更新的",
    "least recently updated": "最早更新的",
    "filter options": "筛选选项",
    "secret": "私密",

    "newer": "新的",
    "older": "旧的",

    "edit": "编辑",
    "delete": "删除",
    "revisions": "修订",
    "stars": "星标",
    "forks": "复刻",
    "raw": "源码",
    "revised": "修订",
    "created": "创建",
    "this gist": "该片段于",

    "what would you like to do?": "您想做什么？",
    "embed": "嵌入",
    "embed this gist in your website.": "嵌入到您的网页中。",
    "share": "分享",
    "copy sharable link for this gist.": "复制片段共享链接。",
    "clone with git or checkout with svn using the repository’s web address.": "Git 克隆或 SVN 检出该仓库所使用的 web 地址。",
    "clone with an ssh key and passphrase from your github settings.": "使用 SSH 密钥克隆",
    "learn more about clone urls": "更多的克隆方法",

    "editing": "编辑",
    "make secret": "转为私密",
    "make public": "转为公开",
    "update public gist": "更新公开片段",
    "update secret gist": "更新私密片段",

    "__comments-14": "Commit editing and browsing",
    "edit new file": "编辑新文件",
    "cancel changes": "取消变更",
    "edit file": "编辑文件",
    "preview changes": "预览更改",
    "commit new file": "提交新文件",
    "commit changes": "提交更改",

    "browse files": "浏览文件",
    "unified": "同屏",
    "split": "分屏",
    "show comments": "显示评论",
    "view file": "查看文件",
    "delete file": "删除文件",

    "__comments-15": "File code browsing and editing",
    "go to line": "跳转到行",
    "copy path": "复制路径",
    "copy permalink": "复制永久链接",
    "edit this file": "编辑本文件",
    "delete this file": "删除本文件",
    "history": "历史",
    "latest commit": "最新提交",
    "view all branches": "查看所有分支",
    "view all tags": "查看所有标签",
    "nothing to show": "没有什么可显示",
    "find or create a branch…": "查找或创建分支…",
    "find a tag": "查找标签",

    "indent mode": "缩进模式",
    "spaces": "空格",
    "tabs": "tab",
    "indent size": "缩进大小",
    "line wrap mode": "换行模式",
    "no wrap": "不换行",
    "soft wrap": "软换行",

    "__comments-16": "Comment",
    "write": "撰写",
    "preview": "预览",
    "leave a comment": "留下一条评论",
    "nothing to preview": "没有什么可预览",
    "comment": "评论",
    "comment on this commit": "评论这个提交",
    "attach files by dragging & dropping, selecting or pasting them.": "通过拖放，选择和粘贴来附加文件。",

    "copy link": "复制链接",
    "quote reply": "引用回复",
    "report content": "举报内容",

    "commented": "评论于",
    "update comment": "更新评论",
    "hide": "隐藏",

    "__comments-16": "Notification",
    "inbox": "收件箱",
    "saved": "已保存",
    "save": "保存",
    "done": "已完成",
    "unread": "未读",
    "filters": "过滤",
    "dismiss": "关闭",
    "get started": "开始",
    "subscribe": "订阅",
    "unsubscribe": "退订",
    "group by:": "分组:",
    "date": "日期",
    "repository": "仓库",
    "mark as read": "标记为已读",
    "mark as unread": "标记为未读",
    "clear out the clutter.": "清除混乱。",
    "get the most out of your new inbox by quickly and easily marking all of your previously read notifications as done.": "快速轻松地将所有已阅读的通知标记为已完成，以充分利用新的收件箱。",
    "manage notifications": "管理通知",
    "notification settings": "通知设置",
    "watched repositories": "关注的仓库",
    "subscriptions": "订阅",
    "watching": "关注",
    "create new filter": "创建新规则",

    "prev": "上一页",
    "previous": "上一页",
    "next": "下一页",

    "change notification settings": "更改通知设置",
    "you can change how you receive notifications from your account settings.": "您可以更改通过帐户设置接收通知的方式。",
    "unwatch suggestions": "取消关注建议",
    "these repositories may be causing unnecessary notifications.": "这些存储库可能导致不必要的通知。",
    "unwatch all": "全部取消关注",
    "custom": "自定义",
    "customize": "自定义",
    "ignoring": "忽略",
    "ignore": "忽略",
    "stop ignoring": "取消忽略",
    "back to notifications": "回到通知",

    "__comments-advanced-search": "Advanced search",
    "advanced search": "高级搜索",
    "search": "搜索",
    "advanced options": "高级选项",
    "from these owners": "来自那些所有者",
    "in these repositories": "来自那些仓库",
    "created on the dates": "创建于何时",
    "written in this language": "用何种语言编写",
    "any language": "任意语言",
    "popular": "流行",
    "repositories options": "仓库选项",
    "with this many stars": "有多少星标",
    "with this many forks": "有多少复刻",
    "of this size": "仓库大小",
    "pushed to": "推送于何时",
    "with this license": "用何种许可证",
    "any license": "任意许可证",
    "return repositories": "",
    "including forks.": "",
    "not": "",
    "and": "",
    "only": "",
    "code options": "代码选项",
    "with this extension": "文件后缀名",
    "of this file size": "文件大小",
    "in this path": "文件路径",
    "with this file name": "文件名称",
    "return code": "",
    "issues options": "议题选项",
    "in the state": "状态",
    "open/closed": "打开/关闭",
    "open": "打开",
    "closed": "关闭",
    "with this many comments": "有多少评论",
    "with the labels": "带有那些标签",
    "opened by the author": "由那些作者打开",
    "mentioning the users": "提及那些用户",
    "assigned to the users": "分配给那些用户",
    "updated before the date": "更新于何时",
    "users options": "用户选项",
    "with this full name": "全名",
    "from this location": "位置",
    "with this many followers": "有多少粉丝",
    "with this many public repositories": "有多少公共仓库",
    "working in this language": "工作于何种语言",
    "wiki options": "Wiki 选项",

    "__dict-end": "end"
  }
}
