{"options":{"check_for_updates":true,"comment":null,"compat_foreach":false,"compat_metadata":false,"compat_prototypes":false,"compat_wrappedjsobject":false,"compatopts_for_requires":true,"noframes":null,"override":{"merge_connects":true,"merge_excludes":true,"merge_includes":true,"merge_matches":true,"orig_excludes":[],"orig_includes":[],"orig_matches":["http://www.notion.so/*","https://www.notion.so/*"],"orig_noframes":null,"orig_run_at":"document-idle","use_blockers":[],"use_connects":[],"use_excludes":[],"use_includes":[],"use_matches":[]},"run_at":null},"settings":{"enabled":true,"position":39},"meta":{"name":"notion去除右键","uuid":"d9bb562d-57c8-4742-a656-e657d669afaa","modified":1613659971837,"file_url":"https://greasyfork.org/scripts/421890-notion%E5%8E%BB%E9%99%A4%E5%8F%B3%E9%94%AE/code/notion%E5%8E%BB%E9%99%A4%E5%8F%B3%E9%94%AE.user.js"}}