{"options":{"check_for_updates":true,"comment":null,"compat_foreach":false,"compat_metadata":false,"compat_prototypes":false,"compat_wrappedjsobject":false,"compatopts_for_requires":true,"noframes":null,"override":{"merge_connects":true,"merge_excludes":true,"merge_includes":true,"merge_matches":true,"orig_excludes":[],"orig_includes":[],"orig_matches":["*://*.pornhub.com/view_video.php?viewkey=*","*://*.pornhubpremium.com/view_video.php?viewkey=*"],"orig_noframes":null,"orig_run_at":"document-idle","use_blockers":[],"use_connects":[],"use_excludes":[],"use_includes":[],"use_matches":[]},"run_at":null},"settings":{"enabled":true,"position":47},"meta":{"name":"Pornhub 视频一键下载 | pornhub.com","uuid":"de47afc1-e524-44fe-ac19-4a4fb35ff2a0","modified":1615910042759,"file_url":"https://sleazyfork.org/scripts/392449-pornhub-%E8%A7%86%E9%A2%91%E4%B8%80%E9%94%AE%E4%B8%8B%E8%BD%BD-pornhub-com/code/Pornhub%20%E8%A7%86%E9%A2%91%E4%B8%80%E9%94%AE%E4%B8%8B%E8%BD%BD%20%7C%20pornhubcom.user.js"}}