{"options":{"check_for_updates":true,"comment":null,"compat_foreach":false,"compat_metadata":false,"compat_prototypes":false,"compat_wrappedjsobject":false,"compatopts_for_requires":true,"noframes":null,"override":{"merge_connects":true,"merge_excludes":true,"merge_includes":true,"merge_matches":true,"orig_excludes":[],"orig_includes":["*://ourbits.club/*","*://hdhome.org/*","*://hdchina.org/*","*://pterclub.com/*","*://leaguehd.com/*","*://lemonhd.org/*","*://pthome.net/*","*://pt.btschool.club/*","*://pt.soulvoice.club/*","*://1ptba.com/*","*://www.hddolby.com/*","*://hdzone.me/*","*://hddisk.life/*","*://discfan.net/*","*://www.hdarea.co/*","*://hdcity.city/*","*://dhcmusic.xyz/*","*://totheglory.im/*","*://www.nicept.net/*","*://yingk.com/*","*://hdstreet.club/*","*://52pt.site/*","*://moecat.best/*","*://pt.hd4fans.org/*","*://www.haidan.video/*"],"orig_matches":[],"orig_noframes":null,"orig_run_at":"document-idle","use_blockers":[],"use_connects":[],"use_excludes":[],"use_includes":[],"use_matches":[]},"run_at":null},"settings":{"enabled":true,"position":22},"meta":{"name":"PT站点自动签到","uuid":"4267e203-54b6-4ccd-a5c3-203910841833","modified":1607953582837,"file_url":"https://greasyfork.org/scripts/398560-pt%E7%AB%99%E7%82%B9%E8%87%AA%E5%8A%A8%E7%AD%BE%E5%88%B0/code/PT%E7%AB%99%E7%82%B9%E8%87%AA%E5%8A%A8%E7%AD%BE%E5%88%B0.user.js"}}