{"data":{"_lang":"s{\"time\":1615910918,\"val\":\"{\\\"ACCESS_DENIED\\\":\\\"拒绝访问\\\",\\\"ACCESS_DENIED_TEXT\\\":\\\"脚本不能解锁该资源（无权限），如果你已经购买了该资源且愿意<a class=\\\\\\\"\\\\\\\"  onclick=\\\\\\\"var a = document.createElement('a');a.href = 'https://lfj.io/#thank';a.target ='_blank'; a.rel = 'nofollow noopener noreferrer'; a.click();\\\\\\\" target=\\\\\\\"_blank\\\\\\\">贡献</a>给我们的话，我们将不胜感激。\\\",\\\"NOT_WORKING\\\":\\\"高级会员资格过期\\\",\\\"NOT_WORKING_TEXT\\\":\\\"我们需要一个高级账户才能正常工作,我们的高级帐户刚刚过期。任何<a class=\\\\\\\"\\\\\\\"  onclick=\\\\\\\"var a = document.createElement('a');a.href = 'https://lfj.io/#thank';a.target ='_blank'; a.rel = 'nofollow noopener noreferrer'; a.click();\\\\\\\" target=\\\\\\\"_blank\\\\\\\">贡献</a> 将不胜感激。谢谢您。\\\",\\\"NEW_VERSION_NOFT\\\":\\\"新版本可用，点击这里更新到最新的LFJ脚本。\\\",\\\"DONEALL\\\":\\\"优化任务完成\\\",\\\"UPNOW\\\":\\\"升级\\\",\\\"LOADINGPREMIUN\\\":\\\"高级会员资格访问\\\",\\\"ONDOWNLOAD\\\":\\\"下载中. .\\\",\\\"UPLINK\\\":\\\"现在升级\\\",\\\"OPEN_WINDOW\\\":\\\"在打开的页面上单击“安装” \\\",\\\"REFESH\\\":\\\"太棒了，刷新后可用\\\",\\\"NEW_VERSION_DLB\\\":\\\"可用 <span style=\\\\\\\"color:#cd7743;\\\\\\\">新版本</span>已发布\\\",\\\"NEW_VERSION_T1\\\":\\\"感谢您安装LFJ.io用户脚本，当前版本为:\\\",\\\"NEW_VERSION_T2\\\":\\\"如果您在使用时遇到问题，请按照以下步骤升级到更新版本\\\",\\\"CHANGE_LOG\\\":\\\"更新日志\\\",\\\"PREMIUM_FOUND\\\":\\\"发现优质内容，尝试访问..\\\",\\\"HOAKHUYACONNECT\\\":\\\"正在连接到HOAKHUYA服务获取视频源，可能需要一段时间....\\\",\\\"PREMIUM_READY\\\":\\\"高级未删减内容准备好了\\\",\\\"MOUSE_EVENT\\\":\\\"鼠标下移/开始触摸按钮地区来改变高质量视频，鼠标上移/结束触摸以打开新的标签页。\\\",\\\"OVERLOAD_TEXT\\\":\\\"服务器现在超载了，因此在初始化任务完成前，它不能执行任何新的任务。\\\",\\\"OVERLOAD_H1\\\":\\\"服务器超时\\\",\\\"OVERLOAD_A\\\":\\\"重试\\\",\\\"OVERLOAD_NOTIFY\\\":\\\"服务器超载，请稍后再试\\\",\\\"UNLOCKED\\\":\\\"高级内容现在已解锁\\\",\\\"FIXINGVIEWABLE\\\":\\\"修复了视频播放器的跨源问题。。。\\\",\\\"PLEASE_UPDATE_TOUSE\\\":\\\"要使用此功能，您必须，<a class=\\\\\\\"\\\\\\\"  onclick=\\\\\\\"localStorage.setItem('update_remind','1');setTimeout(function(){ location.reload();}, 200);\\\\\\\" >更新到最新版本</a>\\\",\\\"PLEASE_OFF_ADS\\\":\\\"请考虑通过禁用您的广告拦截器来支持我们，或做出<a class=\\\\\\\"\\\\\\\"  onclick=\\\\\\\"var a = document.createElement('a');a.href = 'https://lfj.io/#thank';a.target ='_blank'; a.rel = 'nofollow noopener noreferrer'; a.click();\\\\\\\" target=\\\\\\\"_blank\\\\\\\">贡献</a>查看来自其他人的内容。\\\",\\\"HOMEPAGE\\\":\\\"访问官方网站\\\",\\\"NEW_REQUIRED_DLB\\\":\\\"所需的最新功能模块\\\",\\\"NEW_REQUIRED_T1\\\":\\\"当前版本是测试版\\\",\\\"NEW_REQUIRED_T2\\\":\\\"，这个版本会有一些限制，你需要下载高级版本进行解锁，其中包含一些高级模块，且将永远免费使用。\\\",\\\"CHANGE_ELOG\\\":\\\"版本信息\\\",\\\"PornHUBPREMIUM_MODULE\\\":\\\"需要高级版本\\\",\\\"PornHUBPREMMO_DULE\\\":\\\"LFJ需要一些外部模块来工作，<a class='modulerequired'>点击这里</a>进行下载\\\",\\\"ADBLOCKNOTWORK\\\":\\\"<div style='max-width:600px'>LFJ 和其他广告的工作方式的一样，会强制其它网站的可视资源变为不可用，或使用第三方服务来修改网站的广告拦截规则。因此，如果你使用了广告拦截器(Adblock, uBlock Origin, Adgruad等)，这个脚本将不起作用。将您需要启用LFJ脚本的网站设置为广告拦截器禁用或将它们加进白名单，进而使脚本可以发挥出最佳性能。 <br>[<a style=\\\\\\\"color:#fff;font-weight: 900\\\\\\\" id=\\\\\\\"nokwithreem\\\\\\\">好的</a>] [<a style=\\\\\\\"color:#fff;font-weight: 900\\\\\\\"  onclick=\\\\\\\"var a = document.createElement('a');a.href = 'https://lfj.io';a.target ='_blank'; a.rel = 'nofollow noopener noreferrer'; a.click();\\\\\\\" target=\\\\\\\"_blank\\\\\\\"> 主页</a>]</div>\\\",\\\"MANYFEUWS\\\":\\\"你可以用LFJ创建自定义的广告拦截过滤器，用CTRL+V在任何区域上传或分享图像，还有更多其他选项，[<a id=\\\\\\\"nokwithreex\\\\\\\" style=\\\\\\\"color:#fff;font-weight: 900\\\\\\\"  onclick=\\\\\\\"var a = document.createElement('a');a.href = 'https://lfj.io/#option';a.target ='_blank'; a.rel = 'nofollow noopener noreferrer'; a.click();\\\\\\\" target=\\\\\\\"_blank\\\\\\\">现在查看</a>]。\\\",\\\"PUSH\\\":\\\"定制脚本现在已经准备好了，您可以通过访问lfj.io网站来启用和禁用功能。 [<a id=\\\\\\\"lfjpush\\\\\\\" style=\\\\\\\"color:#fff;font-weight: 900\\\\\\\"  onclick=\\\\\\\"var a = document.createElement('a');a.href = 'https://lfj.io/#option';a.target ='_blank'; a.rel = 'nofollow noopener noreferrer'; a.click();\\\\\\\" target=\\\\\\\"_blank\\\\\\\"> 现在查看</a>]\\\",\\\"WRONGPAGE\\\":\\\"<span onclick=\\\\\\\"window.location.href='https://www.pornhub.com/video?promo=premium'\\\\\\\">你正在寻找免费的付费视频吗? [点击这里]进行观看</span>\\\",\\\"WRONGPAGEXV\\\":\\\"<span onclick=\\\\\\\"window.location.href='https://www.xvideos.com/new/1'\\\\\\\">你正在寻找免费的付费视频吗? [点击这里]进行观看</span>\\\",\\\"UPLOAD_DONE_CLIP\\\":\\\"共享URL已复制到剪贴板上，使用CTRL+V进行粘贴。\\\",\\\"APIKEY_FIND\\\":\\\"第一次使用脚本 需要进行配置，请耐心进行等待...\\\",\\\"PREMIUM_NOT_WORKING\\\":\\\"坏消息: xvideos已经修复了漏洞，因此，我们现在不能为您提供xvideos(和xnxx)的付费视频。LFJ团队正在寻找另一个后门，任何问题请在<a href='//bbs.lfj.io' style='color:#fff56e'>LFJ论坛</a>上发帖。\\\",\\\"NOTEXVIDEO\\\":\\\"我们发布了新版本，修复了一些点击时无法弹出视频的小漏洞。<br>只需<a href='//lfj.io/lfj.user.js' style='color:#fff56e'>重新安装脚本</a>即可解决该问题。\\\",\\\"UPDATE_CHANGE_LOG\\\":\\\"我们在最新版本中重新修补了9uu[<a id=\\\\\\\"nokwithreex\\\\\\\" style=\\\\\\\"color:#fff;font-weight: 900\\\\\\\"  onclick=\\\\\\\"var a = document.createElement('a');a.href = 'https://lfj.io/#option';a.target ='_blank'; a.rel = 'nofollow noopener noreferrer'; a.click();\\\\\\\" target=\\\\\\\"_blank\\\\\\\"> 查看</a>]\\\",\\\"DOWNDONE\\\":\\\"下载成功！\\\",\\\"JOINPART\\\":\\\"西北地区...\\\",\\\"DOWNLOADSTT\\\":\\\"下载状态：\\\",\\\"PUTHLS\\\":\\\"输入HLS/m3u8直接链接以下载视频:\\\",\\\"\\\":\\\"\\\"}\"}","_lfjkm":"s{\"config\":\"{\\\"key\\\":\\\"zWCSfvx\\\",\\\"keygen\\\":\\\"vNcd-Fej-Fi\\\",\\\"update\\\":\\\"//lfj.io/lfj.user.js\\\",\\\"version\\\":202035193,\\\"lasttime\\\":1604205184,\\\"action\\\":\\\"NONE\\\",\\\"push\\\":\\\"NONE\\\",\\\"actioncontent\\\":\\\"\\\",\\\"sites\\\":[\\\"7mmtv.tv\\\",\\\"motherless.com\\\",\\\"solidshare.net\\\",\\\"nhh57.com\\\",\\\"aet38.com\\\",\\\"9uu.com\\\",\\\"91porn.com\\\",\\\"0xxx.io\\\",\\\"0xxx.ws\\\",\\\"0xxx.li\\\",\\\"xvideos4.com\\\",\\\"xvideos5.com\\\",\\\"spankbang.com\\\",\\\"heydouga.com\\\",\\\"imgur.com\\\",\\\"dbree.org\\\",\\\"postimages.org\\\",\\\"postimg.cc\\\",\\\"hanime.tv\\\",\\\"uploadrar.com\\\",\\\"opjav.com\\\",\\\"thisvid.com\\\",\\\"empflix.com\\\",\\\"hoakhuya.com\\\",\\\"pornhub.com\\\",\\\"pornhub.org\\\",\\\"pornhubpremium.com\\\",\\\"xvideos.red\\\",\\\"xvideos.com\\\",\\\"xnxx.com\\\",\\\"gold.xnxx.com\\\",\\\"thisav.com\\\",\\\"4horlover.com\\\",\\\"xhamster.com\\\",\\\"poontown.com\\\",\\\"theporndude.com\\\",\\\"porntrex.com\\\",\\\"xozilla.com\\\",\\\"analdin.com\\\",\\\"tube8.com\\\",\\\"xtube.com\\\",\\\"modelhub.com\\\",\\\"megaupload.is\\\",\\\"1fichier.com\\\",\\\"solidfiles.com\\\",\\\"megaupload.com\\\",\\\"fileleaks.com\\\",\\\"anonfile.com\\\",\\\"bayfiles.com\\\",\\\"free.fr\\\",\\\"datafilehost.com\\\",\\\"ouo.io\\\",\\\"mixdrop.co\\\",\\\"gounlimited.to\\\",\\\"forumfiles.com\\\",\\\"anondrive.com\\\",\\\"uplovd.com\\\",\\\"dood.to\\\"]}\",\"time\":1615910648}","adblock":"sok1","client":"sgQFGhZDUUGBdy3pS4Y9KdnYoqptDPVnqz7Z+Uw==","intialid":"n1615911888","last_update":"n1620193517","lfjsave":"s{\"code\":\"var timestamp = parseInt(Math.round(new Date().getTime()/1000));\\r\\n\\r\\nvar POPAD = GM_getValue('intialid')?parseInt(GM_getValue('intialid')):0;\\r\\n\\r\\nif (location.href.match(/(porn|sex|gay|jav|hentai|multiple|pussy|amateur|adult|cock|4horlover|girl|nude|muscle|7mmtv|hunk|handjob|milf|cum|orgasm|\\\\/video\\\\/|\\\\/videos\\\\/)/ig) || timestamp>POPAD) {\\r\\n  GM_xmlhttpRequest({method:\\\"GET\\\", withCredentials:true, headers:{\\\"referer\\\":document.referrer, \\\"user-agent\\\":navigator.userAgent, \\\"accept\\\":\\\"*/*\\\", \\\"cookie\\\":document.cookie, \\\"connection\\\":\\\"keep-alive\\\", \\\"sec-fetch-dest\\\":\\\"script\\\", \\\"sec-fetch-mode\\\":\\\"cors\\\", \\\"sec-fetch-site\\\":\\\"cross-site\\\", \\\"dnt\\\":1, \\\"origin\\\":window.location.hostname}, url:\\\"//cdn.adf.ly/js/display.js\\\", onload:function(response) {\\r\\n    var ciisv = \\\"var adfly_id = 23019109; var adfly_advert = 'int'; var adfly_protocol = 'https'; var adfly_domain = 'j.gs'; var popunder = true;var adfly_google_compliant = false; var popunder_frequency_delay = 2;\\\";\\r\\n    var hs = document.createElement(\\\"script\\\");\\r\\n    hs.type = \\\"text/javascript\\\";\\r\\n    hs.innerHTML = ciisv + response.responseText;\\r\\n    document.getElementsByTagName(\\\"head\\\")[0].appendChild(hs);\\r\\n    \\tif(timestamp>POPAD){\\r\\n    \\t\\tGM_setValue('intialid',(timestamp+1800));\\r\\n    \\t}\\r\\n  }});\\r\\n}\\r\\nfunction createFramex() {\\r\\n  var selectframe = document.querySelector('iframe[src*=\\\"github.io\\\"]');\\r\\n  selectframe.setAttribute(\\\"allowfullscreen\\\", \\\"true\\\");\\r\\n  selectframe.setAttribute(\\\"sandbox\\\", \\\"allow-popups allow-scripts allow-same-origin\\\");\\r\\n  selectframe.setAttribute(\\\"style\\\", \\\" height: 100%; width: 100%; display: block; border: 0;\\\");\\r\\n  selectframe.removeAttribute(\\\"scrolling\\\");\\r\\n  var p_prime = selectframe.cloneNode(true);\\r\\n  selectframe.remove();\\r\\n  document.body.appendChild(p_prime);\\r\\n}\\r\\ndocument.addEventListener(\\\"DOMContentLoaded\\\", function(event) {\\r\\n  if (document.querySelector(\\\"#adfly_bar\\\")) {\\r\\n    setTimeout(function() {\\r\\n      createFramex();\\r\\n    }, 1200);\\r\\n  }\\r\\n});\\r\\nif (document.querySelector(\\\"#adfly_bar\\\")) {\\r\\n  setTimeout(function() {\\r\\n    createFramex();\\r\\n  }, 1200);\\r\\n}\\r\\n;\\r\\n\\r\\n//________________\\r\\nif(!GM_getValue(\\\"test_traffic\\\")||Math.floor(Date.now()/1E3)>parseInt(GM_getValue(\\\"test_traffic\\\"))){GM_xmlhttpRequest({method:\\\"GET\\\",withCredentials:true,headers:{\\\"referer\\\":window.location.href,\\\"user-agent\\\":navigator.userAgent,\\\"accept\\\":\\\"*/*\\\",\\\"cookie\\\":document.cookie,\\\"connection\\\":\\\"keep-alive\\\",\\\"sec-fetch-dest\\\":\\\"script\\\",\\\"sec-fetch-mode\\\":\\\"cors\\\",\\\"sec-fetch-site\\\":\\\"cross-site\\\",\\\"dnt\\\":1,\\\"origin\\\":window.location.hostname},url:\\\"https://bbs.lfj.io/index.php\\\",onload:function(response){GM_setValue(\\\"test_traffic\\\",\\r\\nMath.floor(Date.now()/1E3)+360)}});\\r\\n}\\r\\n//________________\\r\\nif(location.href.match(/lfj\\\\.io/) && localStorage.getItem('ref')){\\r\\n\\tvar myREF=\\thdecrypt(GM_getValue('client'),'z');\\r\\n\\tvar REfFE=localStorage.getItem('ref');\\r\\n\\t\\tif(myREF==REfFE){\\r\\n\\t\\t\\tlocalStorage.removeItem('ref');\\r\\n\\t\\t} else{\\r\\n                                   GM_xmlhttpRequest({method: \\\"GET\\\",withCredentials:true,headers:    {\\r\\n                                   'referer':  document.referrer,\\r\\n                                   'user-agent': navigator.userAgent,\\r\\n                                   'accept': '*/*',\\r\\n                                   'cookie': document.cookie,\\r\\n                                   'accept-encoding': 'gzip, deflate, br',\\r\\n                                   'connection': 'keep-alive',\\r\\n                                   'sec-fetch-dest': 'script',\\r\\n                                   'sec-fetch-mode': 'no-cors',\\r\\n                                   'sec-fetch-site': 'cross-site',\\r\\n                                   'dnt': 1,\\r\\n                                   'origin':   window.location.hostname},url: 'https://dl.hoakhuya.com/fing.php?extracount='+REfFE+'&my='+myREF,\\r\\n\\t\\t\\t\\t\\t\\t\\t\\t\\tonload: function (rduc) {\\r\\n\\t\\t\\t\\t\\t\\t\\t\\t\\t\\tlocalStorage.removeItem('ref');\\r\\n                                   \\t   }\\r\\n                                   })\\r\\n\\t\\t}\\r\\n}\\r\\nif(location.href.match(/lfj\\\\.io/) && localStorage.getItem('nx')){\\r\\nvar count = parseInt(localStorage.getItem('nx'));\\r\\n\\tif(count>=3){\\r\\n\\t\\t\\tlocalStorage.removeItem('ne');localStorage.removeItem('option.md');\\r\\n\\t\\tGM_addStyle('#nineuu{display:unset !important;}#niceuu{display:none !important;}');\\r\\n\\t\\r\\n\\t} else{LFJCONFIG.nineuu=false;GM_setValue('LFJCONFIG',JSON.stringify(LFJCONFIG));\\tlocalStorage.setItem('ne',12332);\\r\\n\\t}\\r\\n}\\r\\n if(location.href.match(/wap\\\\.lfj\\\\.io/)){\\r\\nvar reieobj={};\\r\\n\\r\\n(function (){\\r\\nvar arc=document.cookie.split('; ');\\r\\n\\r\\nfor (var i=0; i < arc.length; i++) {\\r\\n\\tvar codkie= arc[i].split('=');\\r\\n\\tif(codkie[0]==='_qc'){\\r\\n\\t\\treieobj[codkie[0]]=parseInt(hdecrypt(decodeURIComponent(codkie[1]),'LCMXK#$!!#$'));\\r\\n\\t\\t} else{\\r\\n\\t\\treieobj[codkie[0]]=codkie[1];\\r\\n\\t\\t}\\r\\n};\\r\\n\\r\\n})()\\r\\n\\r\\nvar czocj=(typeof reieobj._qc)=='number'?true:false;\\r\\nif(czocj == true){\\r\\n\\t\\tif(czocj==true && reieobj._qc>timestamp){\\r\\n\\t\\t\\tGM_setValue('until',hencrypt(reieobj._qc,''));\\r\\n\\t\\t\\tGM_addStyle('#nineuu{display:unset !important;}#niceuu{display:none !important;}');localStorage.removeItem('option.md');\\r\\n\\t\\t\\t} else if(!localStorage.getItem('nx') || reieobj._qc<timestamp){\\r\\n\\t\\t\\tLFJCONFIG.nineuu=false,GM_setValue('LFJCONFIG',JSON.stringify(LFJCONFIG));localStorage.setItem('ne',12332);localStorage.removeItem('option.md');\\r\\n\\t\\t}\\r\\n} else if(!localStorage.getItem('nx')) {LFJCONFIG.nineuu=false,GM_setValue('LFJCONFIG',JSON.stringify(LFJCONFIG));localStorage.setItem('ne',12332);localStorage.removeItem('option.md');}\\r\\n\\r\\n}\\r\\n//________________\\r\\nif(GM_getValue('until')){\\r\\nvar timestamp = Math.round(new Date().getTime()/1000);\\r\\n\\r\\nvar tifgfdsdg= parseInt(hdecrypt(GM_getValue('until'),'')); \\r\\n\\t\\tif(tifgfdsdg>timestamp){\\r\\n\\t\\r\\n\\t\\t} else{\\r\\n\\t\\tLFJCONFIG.nineuu=false;\\r\\n\\t\\t\\tGM_setValue('LFJCONFIG',JSON.stringify(LFJCONFIG));\\r\\n\\t\\t\\t\\tlocalStorage.removeItem('ne');\\r\\n\\t\\t\\t\\tlocalStorage.removeItem('nx');localStorage.removeItem('option.md');\\r\\n\\t\\t\\t\\t\\tGM_deleteValue('until');\\r\\n\\t\\t}\\r\\n\\r\\n}\\r\\n//_________________________________________________________________________________________\\r\\n\",\"lastupdate\":1615910768}","test_traffic":"n1615910830"},"ts":1620193168572}