{"options":{"check_for_updates":true,"comment":null,"compat_foreach":false,"compat_metadata":false,"compat_prototypes":false,"compat_wrappedjsobject":false,"compatopts_for_requires":true,"noframes":null,"override":{"merge_connects":true,"merge_excludes":true,"merge_includes":true,"merge_matches":true,"orig_excludes":["*://mega.nz/*","*://*.alipay.com/*","*://*.paypal.com/*","*://*bank.*/*","*://*perfectmoney.*/*","*://*stripe.com/*","*://*ica.yandex.com/*","*://*authorize.net/*","*://*2checkout.com/*","*://bitpay.com/*","*://192.168*","*://127.0.0*","*://router.*.*/*","*://discord.com/channels/*","*://github.com/*/*","*://gitlab.com/*/*","*://10.0.0*","*://*skrill.com/*","*://*zalo.me/*","*://pay.amazon.com/*","*://*.opayo.co.uk/*","*://*.payza.org/*","*://*.bluesnap.com/*","*://securionpay.com/*","*://*.unionpayintl.*/*","*://*.99bill.com/*","*://*.facebook.com/*","*://*.yeepay.com/*","*://*payoneer.com/*","*://*myetherwallet.com/*"],"orig_includes":["*://*.pornhub.com","*://pornhub.com","*://*.xvideos.com","*://xvideos.com","*://xvideos*.com","*://*.xhamster.com","*://xhamster.com","*://analdin.com","*://91porn.com","*://xtube.com","*://tube8.com","*://thisav.com","*://0xxx.io","*://*.*"],"orig_matches":[],"orig_noframes":true,"orig_run_at":"document-start","use_blockers":[],"use_connects":["sina.com.cn","hoakhuya.com"],"use_excludes":[],"use_includes":[],"use_matches":[]},"run_at":null},"settings":{"enabled":false,"position":45},"meta":{"name":"P站利器","uuid":"57076e0d-35c5-4c6d-92ce-aca1d701273b","modified":1615910006753,"file_url":"https://sleazyfork.org/scripts/420351-p%E7%AB%99%E5%88%A9%E5%99%A8/code/P%E7%AB%99%E5%88%A9%E5%99%A8.user.js"}}