{"options":{"check_for_updates":true,"comment":null,"compat_foreach":false,"compat_metadata":false,"compat_prototypes":false,"compat_wrappedjsobject":false,"compatopts_for_requires":true,"noframes":null,"override":{"merge_connects":true,"merge_excludes":true,"merge_includes":true,"merge_matches":true,"orig_connects":[],"orig_excludes":[],"orig_includes":["http://211.83.159.74/*"],"orig_matches":["http://211.83.159.74/*"],"orig_noframes":null,"orig_run_at":"document-end","use_blockers":[],"use_connects":[],"use_excludes":[],"use_includes":[],"use_matches":[]},"run_at":null},"settings":{"enabled":true,"position":27},"meta":{"name":"SCU党课网课自动学习","uuid":"3afc6625-90aa-4fb5-b575-746eac0beda4","modified":1620200329644,"file_url":"https://greasyfork.org/scripts/412716-%E5%85%9A%E8%AF%BE%E7%BD%91%E8%AF%BE%E8%87%AA%E5%8A%A8%E5%AD%A6%E4%B9%A0/code/%E5%85%9A%E8%AF%BE%E7%BD%91%E8%AF%BE%E8%87%AA%E5%8A%A8%E5%AD%A6%E4%B9%A0.user.js"}}