{"options":{"check_for_updates":true,"comment":null,"compat_foreach":false,"compat_metadata":false,"compat_prototypes":false,"compat_wrappedjsobject":false,"compatopts_for_requires":true,"noframes":null,"override":{"merge_connects":true,"merge_excludes":true,"merge_includes":true,"merge_matches":true,"orig_excludes":[],"orig_includes":["*"],"orig_matches":["<all_urls>"],"orig_noframes":null,"orig_run_at":"document-start","use_blockers":[],"use_connects":[],"use_excludes":["/(^[^:\\/#\\?]*:\\/\\/([^#\\?\\/]*\\.)?item\\.jd\\.com(:[0-9]{1,5})?\\/.*$)/"],"use_includes":[],"use_matches":[]},"run_at":null},"settings":{"enabled":true,"position":40},"meta":{"name":"Search By Image","uuid":"e60254fe-1fb8-48ed-b4e9-6e51665bc630","modified":1614776096310,"file_url":"https://greasyfork.org/scripts/2998-search-by-image/code/Search%20By%20Image.user.js"}}