{"options":{"check_for_updates":true,"comment":null,"compat_foreach":false,"compat_metadata":false,"compat_prototypes":false,"compat_wrappedjsobject":false,"compatopts_for_requires":true,"noframes":null,"override":{"merge_connects":true,"merge_excludes":true,"merge_includes":true,"merge_matches":true,"orig_excludes":[],"orig_includes":[],"orig_matches":["https://store.steampowered.com/app/*"],"orig_noframes":null,"orig_run_at":"document-idle","use_blockers":[],"use_connects":[],"use_excludes":[],"use_includes":[],"use_matches":[]},"run_at":null},"settings":{"enabled":true,"position":20},"meta":{"name":"Steam历史最低价(支持外服，货币自动转换)","uuid":"dc3dab5f-f86d-4d61-bbe0-12eb1f145ea3","modified":1613189209212,"file_url":"https://greasyfork.org/scripts/408876-steam%E5%8E%86%E5%8F%B2%E6%9C%80%E4%BD%8E%E4%BB%B7-%E6%94%AF%E6%8C%81%E5%A4%96%E6%9C%8D-%E8%B4%A7%E5%B8%81%E8%87%AA%E5%8A%A8%E8%BD%AC%E6%8D%A2/code/Steam%E5%8E%86%E5%8F%B2%E6%9C%80%E4%BD%8E%E4%BB%B7(%E6%94%AF%E6%8C%81%E5%A4%96%E6%9C%8D%EF%BC%8C%E8%B4%A7%E5%B8%81%E8%87%AA%E5%8A%A8%E8%BD%AC%E6%8D%A2).user.js"}}