{"options":{"check_for_updates":true,"comment":null,"compat_foreach":false,"compat_metadata":false,"compat_prototypes":false,"compat_wrappedjsobject":false,"compatopts_for_requires":true,"noframes":null,"override":{"merge_connects":true,"merge_excludes":true,"merge_includes":true,"merge_matches":true,"orig_excludes":[],"orig_includes":[],"orig_matches":["*://steamdb.info/*","*://store.steampowered.com/*"],"orig_noframes":null,"orig_run_at":"document-end","use_blockers":[],"use_connects":[],"use_excludes":[],"use_includes":[],"use_matches":[]},"run_at":null},"settings":{"enabled":true,"position":19},"meta":{"name":"Steam 免费游戏永久入库脚本","uuid":"c5e9b61e-a14d-4a06-be37-16dc074b1a63","modified":1600575024556,"file_url":"https://greasyfork.org/scripts/401598-steam-%E5%85%8D%E8%B4%B9%E6%B8%B8%E6%88%8F%E6%B0%B8%E4%B9%85%E5%85%A5%E5%BA%93%E8%84%9A%E6%9C%AC/code/Steam%20%E5%85%8D%E8%B4%B9%E6%B8%B8%E6%88%8F%E6%B0%B8%E4%B9%85%E5%85%A5%E5%BA%93%E8%84%9A%E6%9C%AC.user.js"}}