{"options":{"check_for_updates":true,"comment":null,"compat_foreach":false,"compat_metadata":false,"compat_prototypes":false,"compat_wrappedjsobject":false,"compatopts_for_requires":true,"noframes":null,"override":{"merge_connects":true,"merge_excludes":true,"merge_includes":true,"merge_matches":true,"orig_connects":["shangxueba365.com","api.wandhi.com","cdn.jsdelivr.net","tool.manmanbuy.com","xbeibeix.com"],"orig_excludes":["*://s.click.taobao.com/*","*://detail.tmall.com/item.htm?id=/*","*://uland.taobao.com/*","*://login.taobao.com/*","*://pages.tmall.com/*"],"orig_includes":["*://pan.baidu.com/disk/home*","*://yun.baidu.com/disk/home*","*://pan.baidu.com/s*","*://yun.baidu.com/s*","*://*.zhihu.com/*","*://v.vzuu.com/video/*","*v.youku.com/v_*","*m.youku.com/v*","*m.youku.com/a*","*v.qq.com/x/*","*v.qq.com/p*","*v.qq.com/cover*","*v.qq.com/tv/*","*film.sohu.com/album/*","*tv.sohu.com/*","*.iqiyi.com/v_*","*.iqiyi.com/w_*","*.iqiyi.com/a_*","*.le.com/ptv/vplay/*","*.tudou.com/listplay/*","*.tudou.com/albumplay/*","*.tudou.com/programs/view/*","*.tudou.com/v*","*.mgtv.com/b/*","*.acfun.cn/v/*","*.bilibili.com/video/*","*.bilibili.com/anime/*","*.bilibili.com/bangumi/play/*"],"orig_matches":["*://*.taobao.com/*","*://*.item.jd.com/*","*://*.tmall.com/*","*://*.tmall.hk/*"],"orig_noframes":null,"orig_run_at":"document-end","use_blockers":[],"use_connects":[],"use_excludes":["/(^[^:\\/#\\?]*:\\/\\/([^#\\?\\/]*\\.)?item\\.jd\\.com(:[0-9]{1,5})?\\/.*$)/"],"use_includes":[],"use_matches":[]},"run_at":null},"settings":{"enabled":true,"position":33},"meta":{"name":"《网购神器》京东、淘宝、天猫内部商品优惠券。领券后再购物，价格更低！新增全网购物，查询，比较功能。","uuid":"a40feebc-dcd7-403b-9d73-9a1389ae44ae","modified":1620731481608,"file_url":"https://greasyfork.org/scripts/415759-%E6%B7%98%E5%AE%9D-%E5%A4%A9%E7%8C%AB-%E5%86%85%E9%83%A8%E5%95%86%E5%93%81%E4%BC%98%E6%83%A0%E5%88%B8-%E8%8E%B7%E5%8F%96%E4%BC%98%E6%83%A0%E5%88%B8-%E9%A2%86%E5%88%B8%E5%90%8E%E5%86%8D%E8%B4%AD%E7%89%A9-%E4%BB%B7%E6%A0%BC%E6%9B%B4%E4%BD%8E/code/%E3%80%90%E6%B7%98%E5%AE%9D%E3%80%91%E3%80%81%E3%80%90%E5%A4%A9%E7%8C%AB%E3%80%91%E5%86%85%E9%83%A8%E5%95%86%E5%93%81%E4%BC%98%E6%83%A0%E5%88%B8%EF%BC%8C%E8%8E%B7%E5%8F%96%E4%BC%98%E6%83%A0%E5%88%B8%E3%80%82%E9%A2%86%E5%88%B8%E5%90%8E%E5%86%8D%E8%B4%AD%E7%89%A9%EF%BC%8C%E4%BB%B7%E6%A0%BC%E6%9B%B4%E4%BD%8E%EF%BC%81%EF%BC%81%EF%BC%81%EF%BC%81%EF%BC%81%EF%BC%81.user.js"}}