{"options":{"check_for_updates":true,"comment":null,"compat_foreach":false,"compat_metadata":false,"compat_prototypes":false,"compat_wrappedjsobject":false,"compatopts_for_requires":true,"noframes":null,"override":{"merge_connects":true,"merge_excludes":true,"merge_includes":true,"merge_matches":true,"orig_excludes":[],"orig_includes":["http*://item.taobao.com/*","http*://*.taobao.com/*","http*://detail.tmall.com/*","http*://*.tmall.com/*","http*://*.jd.com/*","http*://item.jd.com/*"],"orig_matches":[],"orig_noframes":null,"orig_run_at":"document-end","use_blockers":[],"use_connects":[],"use_excludes":[],"use_includes":[],"use_matches":[]},"run_at":null},"settings":{"enabled":false,"position":10},"meta":{"name":"【天猫】【京东】【淘宝】内部优惠券 一键查询领取 购物前领一下 直接省钱28%以上","uuid":"4b164dc5-aad3-4c7b-b2e7-7f52af2ef27b","modified":1600573795516,"file_url":"https://greasyfork.org/scripts/408131-%E5%A4%A9%E7%8C%AB-%E4%BA%AC%E4%B8%9C-%E6%B7%98%E5%AE%9D-%E5%86%85%E9%83%A8%E4%BC%98%E6%83%A0%E5%88%B8-%E4%B8%80%E9%94%AE%E6%9F%A5%E8%AF%A2%E9%A2%86%E5%8F%96-%E8%B4%AD%E7%89%A9%E5%89%8D%E9%A2%86%E4%B8%80%E4%B8%8B-%E7%9B%B4%E6%8E%A5%E7%9C%81%E9%92%B128-%E4%BB%A5%E4%B8%8A/code/%E3%80%90%E5%A4%A9%E7%8C%AB%E3%80%91%E3%80%90%E4%BA%AC%E4%B8%9C%E3%80%91%E3%80%90%E6%B7%98%E5%AE%9D%E3%80%91%E5%86%85%E9%83%A8%E4%BC%98%E6%83%A0%E5%88%B8%20%E4%B8%80%E9%94%AE%E6%9F%A5%E8%AF%A2%E9%A2%86%E5%8F%96%20%E8%B4%AD%E7%89%A9%E5%89%8D%E9%A2%86%E4%B8%80%E4%B8%8B%20%E7%9B%B4%E6%8E%A5%E7%9C%81%E9%92%B128%25%E4%BB%A5%E4%B8%8A.user.js"}}