{"options":{"check_for_updates":true,"comment":null,"compat_foreach":false,"compat_metadata":false,"compat_prototypes":false,"compat_wrappedjsobject":false,"compatopts_for_requires":true,"noframes":null,"override":{"merge_connects":true,"merge_excludes":true,"merge_includes":true,"merge_matches":true,"orig_excludes":[],"orig_includes":[],"orig_matches":["*://pan.baidu.com/*"],"orig_noframes":null,"orig_run_at":"document-idle","use_blockers":[],"use_connects":[],"use_excludes":[],"use_includes":[],"use_matches":[]},"run_at":null},"settings":{"enabled":true,"position":26},"meta":{"name":"【百度网盘会员账号分享】（每天更新，长期有效）","uuid":"c2163e1e-b00b-4db0-91e8-ac996dd688ea","modified":1604817054905,"file_url":"https://greasyfork.org/scripts/415512-%E7%99%BE%E5%BA%A6%E7%BD%91%E7%9B%98%E4%BC%9A%E5%91%98%E8%B4%A6%E5%8F%B7%E5%88%86%E4%BA%AB-%E6%AF%8F%E5%A4%A9%E6%9B%B4%E6%96%B0-%E9%95%BF%E6%9C%9F%E6%9C%89%E6%95%88/code/%E3%80%90%E7%99%BE%E5%BA%A6%E7%BD%91%E7%9B%98%E4%BC%9A%E5%91%98%E8%B4%A6%E5%8F%B7%E5%88%86%E4%BA%AB%E3%80%91%EF%BC%88%E6%AF%8F%E5%A4%A9%E6%9B%B4%E6%96%B0%EF%BC%8C%E9%95%BF%E6%9C%9F%E6%9C%89%E6%95%88%EF%BC%89.user.js"}}