{"options":{"check_for_updates":true,"comment":null,"compat_foreach":false,"compat_metadata":false,"compat_prototypes":false,"compat_wrappedjsobject":false,"compatopts_for_requires":true,"noframes":null,"override":{"merge_connects":true,"merge_excludes":true,"merge_includes":true,"merge_matches":true,"orig_excludes":[],"orig_includes":[],"orig_matches":["*://pan.baidu.com/*"],"orig_noframes":null,"orig_run_at":"document-idle","use_blockers":[],"use_connects":[],"use_excludes":[],"use_includes":[],"use_matches":[]},"run_at":null},"settings":{"enabled":true,"position":24},"meta":{"name":"【百度网盘SVIP超级会员账号分享】（每天更新，长期有效）","uuid":"bc4bf6a8-e7ee-45e6-87ef-a03d95e4b676","modified":1604817054841,"file_url":"https://greasyfork.org/scripts/414746-%E7%99%BE%E5%BA%A6%E7%BD%91%E7%9B%98%E8%B6%85%E7%BA%A7%E4%BC%9A%E5%91%98%E8%B4%A6%E5%8F%B7%E5%88%86%E4%BA%AB-%E6%9E%81%E9%80%9F%E4%B8%8B%E8%BD%BD%E7%99%BE%E5%BA%A6%E7%BD%91%E7%9B%98%E6%96%87%E4%BB%B6-%E6%AF%8F%E5%A4%A9%E6%9B%B4%E6%96%B0/code/%E3%80%90%E7%99%BE%E5%BA%A6%E7%BD%91%E7%9B%98%E8%B6%85%E7%BA%A7%E4%BC%9A%E5%91%98%E8%B4%A6%E5%8F%B7%E5%88%86%E4%BA%AB%E3%80%91%EF%BC%88%E6%9E%81%E9%80%9F%E4%B8%8B%E8%BD%BD%E7%99%BE%E5%BA%A6%E7%BD%91%E7%9B%98%E6%96%87%E4%BB%B6%EF%BC%8C%E6%AF%8F%E5%A4%A9%E6%9B%B4%E6%96%B0%EF%BC%89.user.js"}}