{"options":{"check_for_updates":true,"comment":null,"compat_foreach":false,"compat_metadata":false,"compat_prototypes":false,"compat_wrappedjsobject":false,"compatopts_for_requires":true,"noframes":null,"override":{"merge_connects":true,"merge_excludes":true,"merge_includes":true,"merge_matches":true,"orig_connects":[],"orig_excludes":[],"orig_includes":[],"orig_matches":["https://*.pornhub.com/view_video.php?viewkey=*"],"orig_noframes":null,"orig_run_at":"document-idle","use_blockers":[],"use_connects":[],"use_excludes":[],"use_includes":[],"use_matches":[]},"run_at":null},"settings":{"enabled":true,"position":46},"meta":{"name":"下载PornHub字幕","uuid":"1bd25647-3334-4905-b873-643b7a512bb9","modified":1620200329647,"file_url":"https://sleazyfork.org/scripts/416612-%E4%B8%8B%E8%BD%BDpornhub%E5%AD%97%E5%B9%95/code/%E4%B8%8B%E8%BD%BDPornHub%E5%AD%97%E5%B9%95.user.js"}}