{"options":{"check_for_updates":true,"comment":null,"compat_foreach":false,"compat_metadata":false,"compat_prototypes":false,"compat_wrappedjsobject":false,"compatopts_for_requires":true,"noframes":null,"override":{"merge_connects":true,"merge_excludes":true,"merge_includes":true,"merge_matches":true,"orig_excludes":[],"orig_includes":[],"orig_matches":["*://item.jd.com/*.html*","*://*.m.jd.com/*","*://m.jd.com/*","*://wqs.jd.com/*","*://wq.jd.com/*","*://wqdeal.jd.com/*"],"orig_noframes":null,"orig_run_at":"document-idle","use_blockers":[],"use_connects":[],"use_excludes":[],"use_includes":[],"use_matches":[]},"run_at":null},"settings":{"enabled":false,"position":34},"meta":{"name":"京东自动抢购 超强直接下单 （原作者吾爱mr.z.j-自用备份）","uuid":"44ad4365-503d-438e-ae70-6773c6247b5c","modified":1607388899732,"file_url":"https://greasyfork.org/scripts/379873-%E4%BA%AC%E4%B8%9C%E8%87%AA%E5%8A%A8%E6%8A%A2%E8%B4%AD-%E8%B6%85%E5%BC%BA%E7%9B%B4%E6%8E%A5%E4%B8%8B%E5%8D%95-%E5%8E%9F%E4%BD%9C%E8%80%85%E5%90%BE%E7%88%B1mr-z-j-%E8%87%AA%E7%94%A8%E5%A4%87%E4%BB%BD/code/%E4%BA%AC%E4%B8%9C%E8%87%AA%E5%8A%A8%E6%8A%A2%E8%B4%AD%20%E8%B6%85%E5%BC%BA%E7%9B%B4%E6%8E%A5%E4%B8%8B%E5%8D%95%20%EF%BC%88%E5%8E%9F%E4%BD%9C%E8%80%85%E5%90%BE%E7%88%B1mrzj-%E8%87%AA%E7%94%A8%E5%A4%87%E4%BB%BD%EF%BC%89.user.js"}}