{"options":{"check_for_updates":true,"comment":null,"compat_foreach":false,"compat_metadata":false,"compat_prototypes":false,"compat_wrappedjsobject":false,"compatopts_for_requires":true,"noframes":null,"override":{"merge_connects":true,"merge_excludes":true,"merge_includes":true,"merge_matches":true,"orig_excludes":[],"orig_includes":[],"orig_matches":["https://cread.jd.com/read/startRead.action?bookId=*"],"orig_noframes":null,"orig_run_at":"document-idle","use_blockers":[],"use_connects":[],"use_excludes":[],"use_includes":[],"use_matches":[]},"run_at":null},"settings":{"enabled":true,"position":32},"meta":{"name":"京东读书pdf下载","uuid":"548cfc8f-3023-4989-8150-01776ba7b108","modified":1604896200576,"file_url":"https://greasyfork.org/scripts/415606-%E4%BA%AC%E4%B8%9C%E8%AF%BB%E4%B9%A6pdf%E4%B8%8B%E8%BD%BD/code/%E4%BA%AC%E4%B8%9C%E8%AF%BB%E4%B9%A6pdf%E4%B8%8B%E8%BD%BD.user.js"}}