{"data":{"level2人拼":"n1","levelASC":"n1","levelBAP":"n1","levelPLUS会员":"n1","level三同":"n1","level二手":"n1","level二手有售":"n1","level京东检测":"n1","level京东物流":"n1","level京东精选":"n1","level京东超市":"n1","level京尊达":"n1","level优惠券":"n1","level免邮":"n1","level全球购":"n1","level到店自取":"n1","level包税":"n1","level厂商配送":"n1","level双11保价":"n1","level品质优选":"n1","level商品名匹配":"n1","level商场同款":"n1","level商家客服":"n1","level地标产品":"n1","level定期购":"n1","level山姆会员":"n1","level广告":"n1","level抢购中":"n1","level支持配送":"n1","level放心购":"n1","level新品":"n1","level无公害":"n1","level有机":"n1","level有货":"n1","level本地仓":"n1","level海捕证":"n1","level满件":"n1","level满减":"n1","level满赠":"n1","level爱心东东":"n1","level秒杀":"n1","level绿色":"n1","level老字号":"n1","level自营":"n0","level赠品":"n1","level运费险":"n1","level闪购":"n1","level预约抢购":"n1","level预订":"n1","商品名匹配正则":"btrue","打开下级过滤器面板":"btrue","插件版本":"n50102"},"ts":1623236409370}