{"options":{"check_for_updates":true,"comment":null,"compat_foreach":false,"compat_metadata":false,"compat_prototypes":false,"compat_wrappedjsobject":false,"compatopts_for_requires":true,"noframes":null,"override":{"merge_connects":true,"merge_excludes":true,"merge_includes":true,"merge_matches":true,"orig_connects":[],"orig_excludes":[],"orig_includes":[],"orig_matches":["https://chat1.jd.com/"],"orig_noframes":null,"orig_run_at":"document-idle","use_blockers":[],"use_connects":[],"use_excludes":[],"use_includes":[],"use_matches":[]},"run_at":null},"settings":{"enabled":true,"position":52},"meta":{"name":"京东自动入会助手","uuid":"467438c3-5636-462f-836c-693a2ec9ae33","modified":1620839490445,"file_url":"https://greasyfork.org/scripts/426338-%E4%BA%AC%E4%B8%9C%E8%87%AA%E5%8A%A8%E5%85%A5%E4%BC%9A%E5%8A%A9%E6%89%8B/code/%E4%BA%AC%E4%B8%9C%E8%87%AA%E5%8A%A8%E5%85%A5%E4%BC%9A%E5%8A%A9%E6%89%8B.user.js"}}