{"options":{"check_for_updates":true,"comment":null,"compat_foreach":false,"compat_metadata":false,"compat_prototypes":false,"compat_wrappedjsobject":false,"compatopts_for_requires":true,"noframes":null,"override":{"merge_connects":true,"merge_excludes":true,"merge_includes":true,"merge_matches":true,"orig_connects":[],"orig_excludes":[],"orig_includes":[],"orig_matches":["https://f-mall.jd.com/"],"orig_noframes":null,"orig_run_at":"document-idle","use_blockers":[],"use_connects":[],"use_excludes":[],"use_includes":[],"use_matches":[]},"run_at":null},"settings":{"enabled":true,"position":53},"meta":{"name":"京东店铺关注有礼","uuid":"ca92e958-2c4a-4079-aeac-2641aa933514","modified":1620839524698,"file_url":"https://greasyfork.org/scripts/426331-%E4%BA%AC%E4%B8%9C%E5%BA%97%E9%93%BA%E5%85%B3%E6%B3%A8%E6%9C%89%E7%A4%BC/code/%E4%BA%AC%E4%B8%9C%E5%BA%97%E9%93%BA%E5%85%B3%E6%B3%A8%E6%9C%89%E7%A4%BC.user.js"}}