{"options":{"check_for_updates":true,"comment":null,"compat_foreach":false,"compat_metadata":false,"compat_prototypes":false,"compat_wrappedjsobject":false,"compatopts_for_requires":true,"noframes":null,"override":{"merge_connects":true,"merge_excludes":true,"merge_includes":true,"merge_matches":true,"orig_excludes":[],"orig_includes":["https://*.jingtaozhushou.com/*","*://*.jd.com/*","*://*.paipai.com/*","*://*.jd.hk/*","*://*.yiyaojd.com/*","*://*.jkcsjd.com/*"],"orig_matches":[],"orig_noframes":null,"orig_run_at":"document-end","use_blockers":[],"use_connects":[],"use_excludes":[],"use_includes":[],"use_matches":[]},"run_at":null},"settings":{"enabled":false,"position":11},"meta":{"name":"京淘购物助手【京东版】","uuid":"b59e968d-41a0-4aa4-aa7b-6e5885551a7d","modified":1600573871844,"file_url":"https://greasyfork.org/scripts/408115-%E4%BA%AC%E6%B7%98%E8%B4%AD%E7%89%A9%E5%8A%A9%E6%89%8B-%E4%BA%AC%E4%B8%9C%E7%89%88/code/%E4%BA%AC%E6%B7%98%E8%B4%AD%E7%89%A9%E5%8A%A9%E6%89%8B%E3%80%90%E4%BA%AC%E4%B8%9C%E7%89%88%E3%80%91.user.js"}}