{"options":{"check_for_updates":true,"comment":null,"compat_foreach":false,"compat_metadata":false,"compat_prototypes":false,"compat_wrappedjsobject":false,"compatopts_for_requires":true,"noframes":null,"override":{"merge_connects":true,"merge_excludes":true,"merge_includes":true,"merge_matches":true,"orig_excludes":[],"orig_includes":[],"orig_matches":["https://www.52pojie.cn/thread*","https://www.52pojie.cn/forum.php?mod=viewthread&tid=*"],"orig_noframes":null,"orig_run_at":"document-start","use_blockers":[],"use_connects":[],"use_excludes":[],"use_includes":[],"use_matches":[]},"run_at":null},"settings":{"enabled":true,"position":7},"meta":{"name":"吾爱破解论坛页面精简美化","uuid":"4a438cce-1fd7-4b24-8ace-813cd63aa286","modified":1600572667425,"file_url":"https://greasyfork.org/scripts/393516-%E5%90%BE%E7%88%B1%E7%A0%B4%E8%A7%A3%E8%AE%BA%E5%9D%9B%E9%A1%B5%E9%9D%A2%E7%B2%BE%E7%AE%80%E7%BE%8E%E5%8C%96/code/%E5%90%BE%E7%88%B1%E7%A0%B4%E8%A7%A3%E8%AE%BA%E5%9D%9B%E9%A1%B5%E9%9D%A2%E7%B2%BE%E7%AE%80%E7%BE%8E%E5%8C%96.user.js"}}