{"options":{"check_for_updates":true,"comment":null,"compat_foreach":false,"compat_metadata":false,"compat_prototypes":false,"compat_wrappedjsobject":false,"compatopts_for_requires":true,"noframes":null,"override":{"merge_connects":true,"merge_excludes":true,"merge_includes":true,"merge_matches":true,"orig_excludes":[],"orig_includes":[],"orig_matches":["*://cloud.189.cn/*"],"orig_noframes":null,"orig_run_at":"document-idle","use_blockers":[],"use_connects":[],"use_excludes":[],"use_includes":[],"use_matches":[]},"run_at":null},"settings":{"enabled":true,"position":28},"meta":{"name":"天翼云盘免登录下载","uuid":"f5edc3d0-e7bf-47c2-84a6-7d7ea857d180","modified":1604620849542,"file_url":"https://greasyfork.org/scripts/415546-%E5%A4%A9%E7%BF%BC%E4%BA%91%E7%9B%98%E5%85%8D%E7%99%BB%E5%BD%95%E4%B8%8B%E8%BD%BD/code/%E5%A4%A9%E7%BF%BC%E4%BA%91%E7%9B%98%E5%85%8D%E7%99%BB%E5%BD%95%E4%B8%8B%E8%BD%BD.user.js"}}