{"options":{"check_for_updates":true,"comment":null,"compat_foreach":false,"compat_metadata":false,"compat_prototypes":false,"compat_wrappedjsobject":false,"compatopts_for_requires":true,"noframes":null,"override":{"merge_connects":true,"merge_excludes":true,"merge_includes":true,"merge_matches":true,"orig_excludes":[],"orig_includes":[],"orig_matches":["https://www.sxgbxx.gov.cn/front/playkpoint/*"],"orig_noframes":null,"orig_run_at":"document-idle","use_blockers":[],"use_connects":[],"use_excludes":[],"use_includes":[],"use_matches":[]},"run_at":null},"settings":{"enabled":true,"position":25},"meta":{"name":"好干部在线自动播放","uuid":"7086f5ca-4e86-4ff2-87c5-1e09ef4dcd91","modified":1606820051311,"file_url":"https://greasyfork.org/scripts/408286-%E5%A5%BD%E5%B9%B2%E9%83%A8%E5%9C%A8%E7%BA%BF%E8%87%AA%E5%8A%A8%E6%92%AD%E6%94%BE/code/%E5%A5%BD%E5%B9%B2%E9%83%A8%E5%9C%A8%E7%BA%BF%E8%87%AA%E5%8A%A8%E6%92%AD%E6%94%BE.user.js"}}