{"options":{"check_for_updates":true,"comment":null,"compat_foreach":false,"compat_metadata":false,"compat_prototypes":false,"compat_wrappedjsobject":false,"compatopts_for_requires":true,"noframes":null,"override":{"merge_connects":true,"merge_excludes":true,"merge_includes":true,"merge_matches":true,"orig_excludes":[],"orig_includes":[],"orig_matches":["https://pc.xuexi.cn/*"],"orig_noframes":null,"orig_run_at":"document-idle","use_blockers":[],"use_connects":[],"use_excludes":[],"use_includes":[],"use_matches":[]},"run_at":null},"settings":{"enabled":false,"position":17},"meta":{"name":"学习强国小辅","uuid":"c3efca3f-d039-4139-b347-1047cd9cdf79","modified":1600574757778,"file_url":"https://greasyfork.org/scripts/404129-%E5%AD%A6%E4%B9%A0%E5%BC%BA%E5%9B%BD%E5%B0%8F%E8%BE%85/code/%E5%AD%A6%E4%B9%A0%E5%BC%BA%E5%9B%BD%E5%B0%8F%E8%BE%85.user.js"}}