{"options":{"check_for_updates":true,"comment":null,"compat_foreach":false,"compat_metadata":false,"compat_prototypes":false,"compat_wrappedjsobject":false,"compatopts_for_requires":true,"noframes":null,"override":{"merge_connects":true,"merge_excludes":true,"merge_includes":true,"merge_matches":true,"orig_excludes":[],"orig_includes":["http*","ftp*"],"orig_matches":[],"orig_noframes":null,"orig_run_at":"document-idle","use_blockers":[],"use_connects":[],"use_excludes":[],"use_includes":[],"use_matches":[]},"run_at":null},"settings":{"enabled":false,"position":12},"meta":{"name":"护眼脚本","uuid":"06bda6dd-a5ac-4d29-b032-09b7318b0e19","modified":1600574021867,"file_url":"https://greasyfork.org/scripts/14716-%E6%8A%A4%E7%9C%BC%E8%84%9A%E6%9C%AC/code/%E6%8A%A4%E7%9C%BC%E8%84%9A%E6%9C%AC.user.js"}}