{"options":{"check_for_updates":true,"comment":null,"compat_foreach":false,"compat_metadata":false,"compat_prototypes":false,"compat_wrappedjsobject":false,"compatopts_for_requires":true,"noframes":null,"override":{"merge_connects":true,"merge_excludes":true,"merge_includes":true,"merge_matches":true,"orig_excludes":[],"orig_includes":[],"orig_matches":["*://www.douyu.com/*"],"orig_noframes":null,"orig_run_at":"document-idle","use_blockers":[],"use_connects":[],"use_excludes":[],"use_includes":[],"use_matches":[]},"run_at":null},"settings":{"enabled":true,"position":15},"meta":{"name":"斗鱼免登陆","uuid":"67ed4a85-3663-46cb-953a-6f21a0809d69","modified":1600574465725,"file_url":"https://greasyfork.org/scripts/388373-%E6%96%97%E9%B1%BC%E5%85%8D%E7%99%BB%E9%99%86/code/%E6%96%97%E9%B1%BC%E5%85%8D%E7%99%BB%E9%99%86.user.js"}}