{"options":{"check_for_updates":true,"comment":null,"compat_foreach":false,"compat_metadata":false,"compat_prototypes":false,"compat_wrappedjsobject":false,"compatopts_for_requires":true,"noframes":null,"override":{"merge_connects":true,"merge_excludes":true,"merge_includes":true,"merge_matches":true,"orig_excludes":[],"orig_includes":[],"orig_matches":["https://www.youtube.com/*"],"orig_noframes":null,"orig_run_at":"document-idle","use_blockers":[],"use_connects":[],"use_excludes":[],"use_includes":[],"use_matches":[]},"run_at":null},"settings":{"enabled":true,"position":23},"meta":{"name":"油管视频旋转","uuid":"b638c059-bb16-47af-8c7a-1873b331af9d","modified":1614579839359,"file_url":"https://greasyfork.org/scripts/375568-%E6%B2%B9%E7%AE%A1%E8%A7%86%E9%A2%91%E6%97%8B%E8%BD%AC/code/%E6%B2%B9%E7%AE%A1%E8%A7%86%E9%A2%91%E6%97%8B%E8%BD%AC.user.js"}}