{"options":{"check_for_updates":true,"comment":null,"compat_foreach":false,"compat_metadata":false,"compat_prototypes":false,"compat_wrappedjsobject":false,"compatopts_for_requires":true,"noframes":null,"override":{"merge_connects":true,"merge_excludes":true,"merge_includes":true,"merge_matches":true,"orig_connects":[],"orig_excludes":[],"orig_includes":[],"orig_matches":["https://*.xuexi.cn/","https://xuexi.cn","https://xuexi.cn/index.html","https://www.xuexi.cn/index.html","https://pc.xuexi.cn/points/my-points.html","https://pc.xuexi.cn/points/exam-practice.html","https://pc.xuexi.cn/points/exam-weekly-detail.html?id=*","https://pc.xuexi.cn/points/exam-weekly-list.html","https://pc.xuexi.cn/points/exam-paper-detail.html?id=*","https://pc.xuexi.cn/points/exam-paper-list.html"],"orig_noframes":null,"orig_run_at":"document-idle","use_blockers":[],"use_connects":[],"use_excludes":[],"use_includes":[],"use_matches":[]},"run_at":null},"settings":{"enabled":true,"position":29},"meta":{"name":"测试","uuid":"5739a2d9-b355-4272-b49f-af2321d77845","modified":1620731481092,"file_url":"https://greasyfork.org/scripts/419680-%E5%AD%A6%E4%B9%A0%E5%BC%BA%E5%9B%BD%E8%BE%85%E5%8A%A9%E5%B7%A5%E5%85%B7-%E5%8F%AF%E6%A0%B9%E6%8D%AE%E9%9C%80%E8%A6%81%E9%80%89%E6%8B%A9%E8%87%AA%E5%8A%A8%E5%AD%A6%E4%B9%A0%E9%A1%B9%E7%9B%AE/code/%E5%AD%A6%E4%B9%A0%E5%BC%BA%E5%9B%BD%E8%BE%85%E5%8A%A9%E5%B7%A5%E5%85%B7%E3%80%81%E5%8F%AF%E6%A0%B9%E6%8D%AE%E9%9C%80%E8%A6%81%E9%80%89%E6%8B%A9%E8%87%AA%E5%8A%A8%E5%AD%A6%E4%B9%A0%E9%A1%B9%E7%9B%AE.user.js"}}