{"options":{"check_for_updates":true,"comment":null,"compat_foreach":false,"compat_metadata":false,"compat_prototypes":false,"compat_wrappedjsobject":false,"compatopts_for_requires":true,"noframes":null,"override":{"merge_connects":true,"merge_excludes":true,"merge_includes":true,"merge_matches":true,"orig_connects":["gwdang.com","ubja.vip","alicdn.com","api.m.taobao.com","jd.com","quan.suning.com","sapi.k780.com","tp.hd.mi.com","buy.vmall.com","sale.vmall.com","pinduoduo.com"],"orig_excludes":[],"orig_includes":["/http(?:s|)://(?:detail|item)\\.(?:taobao|tmall)\\.(?:[^./]+)/item.htm/","https://chaoshi.tmall.com/*","https://chaoshi.detail.tmall.com/*","https://detail.tmall.hk/*","https://buy.tmall.com/order/*","https://buy.taobao.com/*","https://cart.tmall.com/*","https://cart.taobao.com/*","https://s.click.taobao.com*","https://buy.tmall.com/order/confirmOrderWap.htm*","https://buy.taobao.com/auction/order/confirm_order.htm*","https://buy.tmall.com/auction/order/confirm_order.htm*","https://buy.liangxinyao.com/order/confirm_order.htm*","https://detail.liangxinyao.com/*","https://cart.jd.com/*","*/item.jd.com/*","*//item.jd.hk/*","*//npcitem.jd.hk/*","https://trade.jd.com/shopping/order/*","https://trade.jd.hk/shopping/order/*","https://plogin.m.jd.com*","https://m.jd.com/*","https://wqdeal.jd.com*","https://wqs.jd.com*","https://wq.jd.com/*","https://marathon.jd.com*","https://union-click.jd.com*","*/product.suning.com/*","https://shopping.suning.com/cart.do*","https://shopping.suning.com/order.do*","https://shopping.hksuning.com*","https://product.hksuning.com*","https://detail.meizu.com/item*","https://ordercenter.meizu.com/order/*","https://*.lenovo.com.cn/product/*","https://buy.lenovo.com.cn/checkout/*","https://www.asus.com.cn/store/product*","https://www.asus.com.cn/store/checkout/*","https://detail.vip.com/*","https://cart.vip.com/*","https://checkout.vip.com/*","https://www.nike.com/*","https://www.nike.com/cn/t/*","https://www.nike.com/cn/zh-Hans/cart*","https://www.nike.com/cn/checkout*","https://www.vmall.com/product/*","https://www.vmall.com/order/nowConfirmcart*","https://www.vmall.com/cart2*","https://m.vmall.com/order/confirm*","https://buy.vmall.com/submit_order.html*","https://www.fliggy.com/*","https://www.xiaomiyoupin.com/detail*","https://trade.xiaomiyoupin.com/tr/checkout*","*you.163.com/item/detail*","*www.adidas.com.cn/item*","*/item.gome.com.cn/*"],"orig_matches":[],"orig_noframes":null,"orig_run_at":"document-idle","use_blockers":[],"use_connects":[],"use_excludes":["/(^[^:\\/#\\?]*:\\/\\/([^#\\?\\/]*\\.)?item\\.jd\\.com(:[0-9]{1,5})?\\/.*$)/"],"use_includes":[],"use_matches":[]},"run_at":null},"settings":{"enabled":true,"position":9},"meta":{"name":"淘宝、天猫、聚划算、京东、苏宁、唯品会、华为、耐克、魅族、联想、华硕、小米有品抢购助手v2","uuid":"b61e64aa-d9aa-4e11-9c55-3516076c72ba","modified":1622598758339,"file_url":"https://greasyfork.org/scripts/393577-%E6%B7%98%E5%AE%9D-%E5%A4%A9%E7%8C%AB-%E8%81%9A%E5%88%92%E7%AE%97-%E4%BA%AC%E4%B8%9C-%E8%8B%8F%E5%AE%81-%E9%AD%85%E6%97%8F-%E8%81%94%E6%83%B3-%E5%8D%8E%E7%A1%95%E6%8A%A2%E8%B4%AD%E5%8A%A9%E6%89%8Bv2/code/%E6%B7%98%E5%AE%9D%E3%80%81%E5%A4%A9%E7%8C%AB%E3%80%81%E8%81%9A%E5%88%92%E7%AE%97%E3%80%81%E4%BA%AC%E4%B8%9C%E3%80%81%E8%8B%8F%E5%AE%81%E3%80%81%E9%AD%85%E6%97%8F%E3%80%81%E8%81%94%E6%83%B3%E3%80%81%E5%8D%8E%E7%A1%95%E6%8A%A2%E8%B4%AD%E5%8A%A9%E6%89%8Bv2.user.js"}}