{"options":{"check_for_updates":true,"comment":null,"compat_foreach":false,"compat_metadata":false,"compat_prototypes":false,"compat_wrappedjsobject":false,"compatopts_for_requires":true,"noframes":null,"override":{"merge_connects":true,"merge_excludes":true,"merge_includes":true,"merge_matches":true,"orig_excludes":[],"orig_includes":[],"orig_matches":["https://tieba.baidu.com/index.html","https://tieba.baidu.com"],"orig_noframes":null,"orig_run_at":"document-end","use_blockers":[],"use_connects":[],"use_excludes":[],"use_includes":[],"use_matches":[]},"run_at":null},"settings":{"enabled":true,"position":37},"meta":{"name":"百度贴吧签到","uuid":"dd4d6f4e-9fd3-400e-bda7-cfd265adc1e2","modified":1611678683302,"file_url":"https://greasyfork.org/scripts/410874-%E7%99%BE%E5%BA%A6%E8%B4%B4%E5%90%A7%E7%AD%BE%E5%88%B0/code/%E7%99%BE%E5%BA%A6%E8%B4%B4%E5%90%A7%E7%AD%BE%E5%88%B0.user.js"}}