{"options":{"check_for_updates":true,"comment":null,"compat_foreach":false,"compat_metadata":false,"compat_prototypes":false,"compat_wrappedjsobject":false,"compatopts_for_requires":true,"noframes":null,"override":{"merge_connects":true,"merge_excludes":true,"merge_includes":true,"merge_matches":true,"orig_connects":["baidu.com","baidupcs.com","baiduyun.wiki","localhost","*"],"orig_excludes":[],"orig_includes":[],"orig_matches":["*://pan.baidu.com/disk/home*","*://yun.baidu.com/disk/home*","*://pan.baidu.com/s/*","*://yun.baidu.com/s/*","*://pan.baidu.com/share/*","*://yun.baidu.com/share/*"],"orig_noframes":null,"orig_run_at":"document-body","use_blockers":[],"use_connects":[],"use_excludes":[],"use_includes":[],"use_matches":[]},"run_at":null},"settings":{"enabled":true,"position":50},"meta":{"name":"百度网盘直链满速下载助手（全新版本）","uuid":"2471e9a7-2f84-4a22-ab86-3cb8f11e6ef1","modified":1620731480913,"file_url":"https://greasyfork.org/scripts/425966-%E7%99%BE%E5%BA%A6%E7%BD%91%E7%9B%98%E7%9B%B4%E9%93%BE%E6%BB%A1%E9%80%9F%E4%B8%8B%E8%BD%BD%E5%8A%A9%E6%89%8B-%E5%85%A8%E6%96%B0%E7%89%88%E6%9C%AC/code/%E7%99%BE%E5%BA%A6%E7%BD%91%E7%9B%98%E7%9B%B4%E9%93%BE%E6%BB%A1%E9%80%9F%E4%B8%8B%E8%BD%BD%E5%8A%A9%E6%89%8B%EF%BC%88%E5%85%A8%E6%96%B0%E7%89%88%E6%9C%AC%EF%BC%89.user.js"}}