{"options":{"check_for_updates":true,"comment":null,"compat_foreach":false,"compat_metadata":false,"compat_prototypes":false,"compat_wrappedjsobject":false,"compatopts_for_requires":true,"noframes":null,"override":{"merge_connects":true,"merge_excludes":true,"merge_includes":true,"merge_matches":true,"orig_connects":[],"orig_excludes":[],"orig_includes":[],"orig_matches":["*://pan.baidu.com/*","*://yun.baidu.com/*","*://wangpan.baidu.com/*","*://duanxin.baidu.com/*","*://note.baidu.com/*","*://tonghuajilu.baidu.com/*","*://tongxunlu.baidu.com/*","*://wenzhang.baidu.com/*","*://zhaohui.baidu.com/*"],"orig_noframes":null,"orig_run_at":"document-idle","use_blockers":[],"use_connects":[],"use_excludes":[],"use_includes":[],"use_matches":[]},"run_at":null},"settings":{"enabled":true,"position":36},"meta":{"name":"百度网盘资源_搜索引擎_聚合","uuid":"4bcae3ba-d2ee-472c-ae35-46687ec2b2df","modified":1620200329670,"file_url":"https://greasyfork.org/scripts/375337-%E7%99%BE%E5%BA%A6%E7%BD%91%E7%9B%98%E8%B5%84%E6%BA%90-%E6%90%9C%E7%B4%A2%E5%BC%95%E6%93%8E-%E8%81%9A%E5%90%88/code/%E7%99%BE%E5%BA%A6%E7%BD%91%E7%9B%98%E8%B5%84%E6%BA%90_%E6%90%9C%E7%B4%A2%E5%BC%95%E6%93%8E_%E8%81%9A%E5%90%88.user.js"}}