{"options":{"check_for_updates":true,"comment":null,"compat_foreach":false,"compat_metadata":false,"compat_prototypes":false,"compat_wrappedjsobject":false,"compatopts_for_requires":true,"noframes":null,"override":{"merge_connects":true,"merge_excludes":true,"merge_includes":true,"merge_matches":true,"orig_excludes":[],"orig_includes":[],"orig_matches":["*blog.csdn.net/*","*bbs.csdn.net/*","*download.csdn.net/download/*/*","*www.doc88.com/*","*wenku.baidu.com/view/*","*zhidao.baidu.com/question*","*www.ipaperclip.net/doku.php?id=*","*wap.peopleapp.com/article/*","*ishare.ifeng.com/c/s/*","*www.ximalaya.com/*","*www.awesomes.cn/*","*www.imooc.com/article/*","*www.zhihu.com/question/*","*www.bandbbs.cn/*","*www.cnbeta.com/*","*www.chinaz.com/*","*www.douban.com/note/*"],"orig_noframes":null,"orig_run_at":"document-idle","use_blockers":[],"use_connects":[],"use_excludes":[],"use_includes":[],"use_matches":[]},"run_at":null},"settings":{"enabled":true,"position":8},"meta":{"name":"自动展开豆瓣、站长之家、米坛、cnbeta、知乎、慕课网、Awesomes、喜马拉雅、CSDN博客、CSDN下载、道客88、百度文库、百度知道、回形针、人民日报客户端、凤凰网页面的隐藏内容","uuid":"4df8f094-ecc9-4f3e-9dff-20f22642088f","modified":1600573229637,"file_url":"https://greasyfork.org/scripts/397933-%E8%87%AA%E5%8A%A8%E5%B1%95%E5%BC%80%E8%B1%86%E7%93%A3-%E7%AB%99%E9%95%BF%E4%B9%8B%E5%AE%B6-%E7%B1%B3%E5%9D%9B-cnbeta-%E7%9F%A5%E4%B9%8E-%E6%85%95%E8%AF%BE%E7%BD%91-awesomes-%E5%96%9C%E9%A9%AC%E6%8B%89%E9%9B%85-csdn%E5%8D%9A%E5%AE%A2-csdn%E4%B8%8B%E8%BD%BD-%E9%81%93%E5%AE%A288-%E7%99%BE%E5%BA%A6%E6%96%87%E5%BA%93-%E7%99%BE%E5%BA%A6%E7%9F%A5%E9%81%93-%E5%9B%9E%E5%BD%A2%E9%92%88-%E4%BA%BA%E6%B0%91%E6%97%A5%E6%8A%A5%E5%AE%A2%E6%88%B7%E7%AB%AF-%E5%87%A4%E5%87%B0%E7%BD%91%E9%A1%B5%E9%9D%A2%E7%9A%84%E9%9A%90%E8%97%8F%E5%86%85%E5%AE%B9/code/%E8%87%AA%E5%8A%A8%E5%B1%95%E5%BC%80%E8%B1%86%E7%93%A3%E3%80%81%E7%AB%99%E9%95%BF%E4%B9%8B%E5%AE%B6%E3%80%81%E7%B1%B3%E5%9D%9B%E3%80%81cnbeta%E3%80%81%E7%9F%A5%E4%B9%8E%E3%80%81%E6%85%95%E8%AF%BE%E7%BD%91%E3%80%81Awesomes%E3%80%81%E5%96%9C%E9%A9%AC%E6%8B%89%E9%9B%85%E3%80%81CSDN%E5%8D%9A%E5%AE%A2%E3%80%81CSDN%E4%B8%8B%E8%BD%BD%E3%80%81%E9%81%93%E5%AE%A288%E3%80%81%E7%99%BE%E5%BA%A6%E6%96%87%E5%BA%93%E3%80%81%E7%99%BE%E5%BA%A6%E7%9F%A5%E9%81%93%E3%80%81%E5%9B%9E%E5%BD%A2%E9%92%88%E3%80%81%E4%BA%BA%E6%B0%91%E6%97%A5%E6%8A%A5%E5%AE%A2%E6%88%B7%E7%AB%AF%E3%80%81%E5%87%A4%E5%87%B0%E7%BD%91%E9%A1%B5%E9%9D%A2%E7%9A%84%E9%9A%90%E8%97%8F%E5%86%85%E5%AE%B9.user.js"}}