{"options":{"check_for_updates":true,"comment":null,"compat_foreach":false,"compat_metadata":false,"compat_prototypes":false,"compat_wrappedjsobject":false,"compatopts_for_requires":true,"noframes":null,"override":{"merge_connects":true,"merge_excludes":true,"merge_includes":true,"merge_matches":true,"orig_excludes":[],"orig_includes":["http*://u2.dmhy.org/*","http*://*.pcbeta.com/*","http*://www.tsdm*.*/*","http*://totheglory.im/*","http*://www.52pojie.cn/*","http*://www.smzdm.com/*","http*://bbs.kafan.cn/*","http*://www.natfrp.com/*","http*://www.cordcloud.*/*","http*://www.mielink.com/*","http*://zodgame.xyz/*","http*://o2v3.imotor.com/*","http*://www.flyertea.com/*","http*://www.55188.com/*","http*://fishc.com.cn/*","http*://www.pdawiki.com/*","http*://bbs.vcb-s.com/*"],"orig_matches":[],"orig_noframes":null,"orig_run_at":"document-end","use_blockers":[],"use_connects":[],"use_excludes":[],"use_includes":[],"use_matches":[]},"run_at":null},"settings":{"enabled":true,"position":21},"meta":{"name":"自用论坛辅助签到","uuid":"516f4edc-8ea9-4005-90e7-0b3362044ca6","modified":1613928351220,"file_url":"https://greasyfork.org/scripts/38018-%E8%87%AA%E7%94%A8%E8%AE%BA%E5%9D%9B%E8%BE%85%E5%8A%A9%E7%AD%BE%E5%88%B0/code/%E8%87%AA%E7%94%A8%E8%AE%BA%E5%9D%9B%E8%BE%85%E5%8A%A9%E7%AD%BE%E5%88%B0.user.js"}}