{"options":{"check_for_updates":true,"comment":null,"compat_foreach":false,"compat_metadata":false,"compat_prototypes":false,"compat_wrappedjsobject":false,"compatopts_for_requires":true,"noframes":null,"override":{"merge_connects":true,"merge_excludes":true,"merge_includes":true,"merge_matches":true,"orig_connects":["static.doc88.com"],"orig_excludes":[],"orig_includes":["*://*.taobao.com/*","*://*.tmall.com/*","*://*.tmall.hk/*","*://*.jd.com/*","*://*.jd.hk/*","*://*.liangxinyao.com/*","*://wenku.baidu.com/view/*","*://wenku.baidu.com/link*","*://www.51test.net/show/*","*://www.xuexi.la/*","*://www.xuexila.com/*","*://www.cspengbo.com/*","*://www.doc88.com/*","*://segmentfault.com/*","*://wk.baidu.com/view/*","*://leetcode-cn.com/problems/*","*://www.zhihu.com/*","*://z.30edu.com.cn/*","*://docs.qq.com/doc/*","*://boke112.com/post/*","*://www.yuque.com/*","*://www.commandlinux.com/*"],"orig_matches":[],"orig_noframes":null,"orig_run_at":"document-idle","use_blockers":[],"use_connects":[],"use_excludes":["/(^[^:\\/#\\?]*:\\/\\/([^#\\?\\/]*\\.)?item\\.jd\\.com(:[0-9]{1,5})?\\/.*$)/"],"use_includes":[],"use_matches":[]},"run_at":null},"settings":{"enabled":true,"position":51},"meta":{"name":"解除百度文库、知乎、无忧考网、学习啦、道客巴巴、蓬勃范文、力扣、思否社区、语雀网站不允许复制的限制","uuid":"c4f31dbb-4de4-4b69-8353-b814790b8a14","modified":1620195258499,"file_url":"https://greasyfork.org/scripts/425968-%E8%A7%A3%E9%99%A4%E7%99%BE%E5%BA%A6%E6%96%87%E5%BA%93-%E7%9F%A5%E4%B9%8E-%E6%97%A0%E5%BF%A7%E8%80%83%E7%BD%91-%E5%AD%A6%E4%B9%A0%E5%95%A6-%E9%81%93%E5%AE%A2%E5%B7%B4%E5%B7%B4-%E8%93%AC%E5%8B%83%E8%8C%83%E6%96%87-%E5%8A%9B%E6%89%A3-%E6%80%9D%E5%90%A6%E7%A4%BE%E5%8C%BA-%E8%AF%AD%E9%9B%80%E7%BD%91%E7%AB%99%E4%B8%8D%E5%85%81%E8%AE%B8%E5%A4%8D%E5%88%B6%E7%9A%84%E9%99%90%E5%88%B6/code/%E8%A7%A3%E9%99%A4%E7%99%BE%E5%BA%A6%E6%96%87%E5%BA%93%E3%80%81%E7%9F%A5%E4%B9%8E%E3%80%81%E6%97%A0%E5%BF%A7%E8%80%83%E7%BD%91%E3%80%81%E5%AD%A6%E4%B9%A0%E5%95%A6%E3%80%81%E9%81%93%E5%AE%A2%E5%B7%B4%E5%B7%B4%E3%80%81%E8%93%AC%E5%8B%83%E8%8C%83%E6%96%87%E3%80%81%E5%8A%9B%E6%89%A3%E3%80%81%E6%80%9D%E5%90%A6%E7%A4%BE%E5%8C%BA%E3%80%81%E8%AF%AD%E9%9B%80%E7%BD%91%E7%AB%99%E4%B8%8D%E5%85%81%E8%AE%B8%E5%A4%8D%E5%88%B6%E7%9A%84%E9%99%90%E5%88%B6.user.js"}}