{"options":{"check_for_updates":true,"comment":null,"compat_foreach":false,"compat_metadata":false,"compat_prototypes":false,"compat_wrappedjsobject":false,"compatopts_for_requires":true,"noframes":null,"override":{"merge_connects":true,"merge_excludes":true,"merge_includes":true,"merge_matches":true,"orig_excludes":[],"orig_includes":[],"orig_matches":["*://*.baidu.com/*","*://*.so.com/*","*://*.zol.com.cn/*","*://*.onlinedown.net/*","*://*.pc6.com/*","*://*.pcsoft.com.cn/*","*://*.pconline.com.cn/*","*://*.duote.com/*","*://*.cr173.com/*","*://*.crsky.com/*","*://*.skycn.com/*"],"orig_noframes":null,"orig_run_at":"document-idle","use_blockers":[],"use_connects":[],"use_excludes":[],"use_includes":[],"use_matches":[]},"run_at":null},"settings":{"enabled":true,"position":38},"meta":{"name":"降低国内流氓软件站的威胁程度","uuid":"f2a35289-b178-4cd8-90d4-060796768a64","modified":1613841328395,"file_url":"https://greasyfork.org/scripts/421476-%E9%99%8D%E4%BD%8E%E5%9B%BD%E5%86%85%E6%B5%81%E6%B0%93%E8%BD%AF%E4%BB%B6%E7%AB%99%E7%9A%84%E5%A8%81%E8%83%81%E7%A8%8B%E5%BA%A6/code/%E9%99%8D%E4%BD%8E%E5%9B%BD%E5%86%85%E6%B5%81%E6%B0%93%E8%BD%AF%E4%BB%B6%E7%AB%99%E7%9A%84%E5%A8%81%E8%83%81%E7%A8%8B%E5%BA%A6.user.js"}}